Companynumber,Latitude,Longitude,cluster
"11939414","51.49652","-0.14645","19"
"11939414","51.28132","-1.06022","0"
"11939414","51.49678","-0.14349","19"
"11939414","53.47827","-2.24756","8"
"11939414","53.19502","-2.87908","0"
"11939414","53.38038","-1.46278","10"
"11939414","51.53202","-0.8619","0"
"11939414","51.5167","-0.08596","19"
"11939414","51.41556","-0.73969","0"
"11939414","51.51109","-0.09119","19"
"11354629","51.49652","-0.14645","19"
"11354629","51.28132","-1.06022","0"
"11354629","51.49678","-0.14349","19"
"11354629","53.47827","-2.24756","8"
"11354629","53.19502","-2.87908","0"
"11354629","53.38038","-1.46278","10"
"11354629","51.53202","-0.8619","0"
"11354629","51.5167","-0.08596","19"
"11354629","51.41556","-0.73969","0"
"11354629","51.51109","-0.09119","19"
"07466050","51.49652","-0.14645","19"
"07466050","51.28132","-1.06022","0"
"07466050","51.49678","-0.14349","19"
"07466050","53.47827","-2.24756","8"
"07466050","53.19502","-2.87908","0"
"07466050","53.38038","-1.46278","10"
"07466050","51.53202","-0.8619","0"
"07466050","51.5167","-0.08596","19"
"07466050","51.41556","-0.73969","0"
"07466050","51.51109","-0.09119","19"
"03847202","51.49652","-0.14645","19"
"03847202","51.28132","-1.06022","0"
"03847202","51.49678","-0.14349","19"
"03847202","53.47827","-2.24756","8"
"03847202","53.19502","-2.87908","0"
"03847202","53.38038","-1.46278","10"
"03847202","51.53202","-0.8619","0"
"03847202","51.5167","-0.08596","19"
"03847202","51.41556","-0.73969","0"
"03847202","51.51109","-0.09119","19"
"11938544","53.48015","-2.23972","8"
"10785799","51.89894","-1.14843","0"
"11882245","52.47251","-1.92262","12"
"08705643","51.53551","-0.10535","19"
"08705643","55.9531","-3.19669","3"
"08705643","52.15016","0.13996","14"
"08705643","53.32468","-2.7329","0"
"07608360","51.52562","-0.08363","19"
"04394772","51.51048","-0.08654","19"
"04394772","51.51995","-0.08266","19"
"04394772","53.75978","-2.73041","0"
"04394772","51.54912","-2.55992","5"
SC565267,"55.85934","-4.25057","2"
"03551888","50.72578","-3.47241","0"
"03551888","57.19608","-2.19987","0"
"03551888","51.50584","-0.09982","19"
"09787762","51.4632","-0.13191","0"
SC325433,"56.46104","-2.96725","0"
SC325433,"56.46058","-2.97874","0"
SC325433,"51.51695","-0.0838","19"
SC325433,"55.94379","-3.2078","3"
SC325433,"55.86529","-4.25736","2"
"07661816","51.46991","-0.14995","19"
SC371716,"55.95338","-3.18812","3"
SC371716,"53.79486","-1.54662","9"
"09901641","51.29484","-0.3276","0"
"05569666","51.10235","-1.78199","0"
"05569666","51.06728","-1.84424","0"
"05569666","51.44854","-2.58708","5"
"05569666","50.90994","-1.40866","0"
"10548804","51.51319","-0.13684","19"
"10548804","51.522","-0.14395","19"
"06690289","53.79128","-1.56553","9"
"06690289","51.52067","-0.14274","19"
"07472717","51.6439","0.05249","0"
"07472717","51.51372","-0.13202","19"
"07472717","51.50525","-0.1","19"
"00012592","53.13006","-1.21641","11"
"00012592","51.21759","0.30997","0"
"00012592","53.72207","-2.6654","0"
"00012592","52.46937","-0.91594","0"
"00012592","52.63287","-1.21477","0"
"00012592","53.53426","-0.04474","0"
"00012592","53.78565","-1.5434","9"
"00012592","52.64417","-2.43222","0"
"00012592","54.9286","-1.61416","6"
"00012592","53.4698","-2.3111","8"
"00012592","52.64536","-0.51594","0"
"00012592","52.59667","-1.21107","0"
"00012592","52.95644","-0.17403","0"
"00012592","53.01625","-1.3347","11"
"00012592","55.60269","-4.49433","2"
"00012592","53.48499","-2.22611","8"
"00012592","53.71835","-2.66762","0"
"00012592","52.5646","-1.35234","0"
"00012592","53.68498","-1.57226","9"
"00012592","53.84028","-1.94378","0"
"10775328","51.5101","-0.06795","19"
"10775328","51.52942","-0.07524","19"
"01466899","51.52508","0.14422","0"
"01466899","53.38276","-1.43241","10"
"01466899","54.91731","-1.41256","6"
"01466899","51.53532","-0.26998","0"
"05084262","51.51526","-0.08402","19"
"05084262","52.03655","-0.76724","0"
"05084262","52.04923","-0.71171","0"
"05084262","51.51497","-0.07949","19"
"10613451","52.28325","-1.58599","13"
"10613451","51.50584","-0.10492","19"
"12302240","51.76345","-0.43327","0"
"12302240","51.6096","-1.25266","0"
"02616393","53.18985","-2.88809","0"
"00575914","51.55524","-0.48081","0"
"00575914","51.86758","-2.48538","5"
"00575914","52.46854","-1.71593","13"
"00575914","51.52169","-0.62312","17"
"00575914","52.20102","0.12598","14"
"00575914","51.5112","-0.6011","0"
"00575914","51.55014","-0.48532","0"
"00575914","52.20834","0.1335","14"
"00575914","52.03906","-0.76116","0"
"00575914","57.15033","-2.09464","0"
"00575914","51.57883","-0.75797","0"
"00575914","51.80448","-0.1959","0"
"00575914","51.29765","-1.06588","0"
"00575914","52.03099","-0.79852","0"
"00575914","51.50721","-0.59644","0"
"06959816","53.22466","-4.26338","0"
"08305253","54.90926","-1.48685","6"
"08305253","54.80482","-1.39011","6"
"08372083","51.52697","-0.13944","19"
"09469665","51.5189","-0.15637","19"
"09469665","52.2139","0.1139","14"
"09469665","51.51827","-0.11019","19"
"10045407","51.51545","-0.10668","19"
"10045407","51.50349","-0.11564","19"
"11806042","51.45568","-0.96805","16"
"11806042","51.51595","-0.09493","19"
"11448815","51.51366","-0.116","19"
"12369900","50.87779","-0.30088","15"
"12369900","51.52286","-0.10809","19"
"08464312","51.51282","-0.08621","19"
"08464312","51.50758","-0.10774","19"
"07203931","53.54027","-2.07322","8"
"05226540","51.87283","0.68746","0"
"05226540","51.51303","-0.13229","19"
"09328762","51.50499","-0.0936","19"
"08834390","52.28857","-1.53259","13"
"08834390","51.52013","-0.10985","19"
"08834390","52.48166","-1.89974","12"
"05336031","53.96841","-1.14937","0"
"05336031","53.87505","-1.35343","0"
"10866473","51.6032","-0.1921","0"
"10866473","51.50758","-0.10774","19"
"06862860","53.47572","-2.24436","8"
"06862860","51.499","-0.09871","19"
"11564614","52.38559","-1.4884","13"
"11604559","51.2851","-0.7585","0"
"07249917","51.51935","-0.10693","19"
"03101850","51.49414","-0.23228","18"
"05946805","51.26805","-1.07419","0"
"05946805","51.34806","0.25418","0"
"05946805","51.50087","-2.47757","5"
"05946805","50.74431","-1.9505","0"
"05419447","50.72552","-1.86541","0"
"05419447","51.51196","-0.13617","19"
"07209717","52.57312","1.25624","4"
"07209717","52.5766","1.24733","4"
"07209717","55.88668","-3.14679","3"
SC451730,"55.9508","-3.20546","3"
SC451730,"51.50815","-0.13499","19"
SC451730,"55.944","-3.2064","3"
"11141052","51.50836","-0.5953","0"
"11141052","51.50738","-0.10683","19"
"06661625","50.72552","-1.86541","0"
"06661625","51.51196","-0.13617","19"
"12779869","52.20349","0.13179","14"
"06944081","51.34638","-2.23878","5"
"06944081","52.55499","1.17923","4"
"06944081","51.49632","-0.22822","18"
"08923555","51.51876","-0.1393","19"
"11787934","51.51137","-0.1544","19"
"11787934","51.50694","-0.10691","19"
"09219603","51.43975","-2.62339","5"
"09219603","51.44795","-2.5822600000000002","5"
"09219603","51.50795","-0.13947","19"
"11124395","51.45568","-0.96805","16"
"11124395","51.51737","-0.08016","19"
"09835625","51.52167","-0.1437","19"
"09835625","51.54698","-0.02356","0"
"09835625","52.46365","-2.04564","12"
"09835625","51.5209","-0.10229","19"
"09835625","55.89386","-4.62792","2"
"09835625","51.51028","-0.09301","19"
"09835625","51.51483","-0.09668","19"
"07992877","51.4527","-2.58971","5"
"07992877","51.45213","-2.58386","5"
"07992877","51.59247","-2.53261","5"
SC330746,"55.95537","-3.22351","3"
SC330746,"55.89627","-3.57466","3"
SC330746,"56.33659","-2.80233","0"
"04356226","51.49304","-0.20363","18"
"04356226","51.64518","-0.29806","0"
"04356226","51.51892","-0.11138","19"
"04466195","50.82454","-0.15174","15"
"04466195","51.54698","-0.02356","0"
"04466195","52.46365","-2.04564","12"
"04466195","51.5209","-0.10229","19"
"04466195","55.89386","-4.62792","2"
"04466195","51.51028","-0.09301","19"
"04466195","51.51483","-0.09668","19"
"07361099","50.85906","-3.38603","0"
"07361099","50.8623","-3.37949","0"
"03135463","51.50997","-0.08674","19"
"03135463","51.50264","-0.07497","19"
"04893244","51.44412","-2.56452","5"
"09879009","52.62894","1.30197","4"
"09879009","51.51554","-0.10394","19"
"06893078","51.22541","-0.757","0"
"10880815","51.51492","-0.0755","19"
"10359736","53.47918","-2.24112","8"
"07761055","53.60041","-2.86437","0"
"07761055","51.5143","-0.13488","19"
"12463096","51.45568","-0.96805","16"
"09696176","53.79074","-1.55336","9"
"09696176","53.69694","-1.63132","9"
"09696176","53.79269","-1.5529","9"
"11076488","51.31702","-0.56518","0"
"11076488","51.51811","-0.11809","19"
"11076488","51.26644","-0.56905","0"
"08963806","51.43318","-0.18933","0"
"08963806","54.9664","-1.59619","6"
"08963806","51.51226","-0.58804","17"
"09144862","53.83837","-1.62007","9"
"09144862","51.51992","-0.10232","19"
SC399754,"55.86304","-4.28387","2"
"09975716","51.50469","-0.01337","19"
"06800980","51.53304","-0.09553","19"
"06800980","51.53294","-0.10857","19"
"09926138","51.36459","-0.79448","17"
"10149459","51.75482","-0.3371","0"
"11392250","52.19415","-1.712","0"
"11392250","52.47543","-1.88416","12"
"10860605","51.15039","0.87314","0"
"10860605","51.52518","-0.0903","19"
"09819483","51.51688","-0.11233","19"
"08049347","51.49052","-0.28411","0"
"08049347","51.50895","-0.7646","17"
"08049347","51.48808","-0.50255","17"
"08049347","53.46966","-2.33325","8"
"08049347","51.80789","-0.19723","0"
"07918233","51.62074","0.3047","0"
"07918233","51.49346","0.00581","0"
"10263657","51.5149","-0.12362","19"
"10263657","51.52648","-0.08112","19"
"10263657","51.52714","-0.08146","19"
"03630588","52.25244","-0.82292","0"
"03630588","52.24951","-0.8213","0"
"10660835","51.53073","-0.10336","19"
"09146711","53.38416","-2.35191","8"
"09146711","51.52259","-0.08537","19"
"09146711","51.52356","-0.08192","19"
NI051148,"54.93549","-6.48054","0"
NI051148,"54.88724","-6.47382","0"
SC557798,"56.46368","-2.96597","0"
"06264908","51.5185","-0.11239","19"
"08761455","51.50829","-0.73551","0"
"08761455","53.79547","-1.55573","9"
"08761455","53.79168","-1.5527","9"
"08761455","51.51771","-0.12324","19"
"08761455","52.47804","-1.91358","12"
"08761455","53.48169","-2.24089","8"
"08761455","51.52141","-0.10854","19"
"08761455","53.48023","-2.24292","8"
"08761455","55.8631","-4.25507","2"
"08761455","51.51073","-0.12427","19"
"08761455","53.4787","-2.25288","8"
"08761455","53.72122","-1.85636","0"
"08761455","51.52004","-0.10253","19"
"08761455","53.47918","-2.24112","8"
"08761455","55.95255","-3.20121","3"
"08761455","55.86045","-4.25083","2"
"08761455","55.94363","-3.1939","3"
"08761455","51.4527","-2.58971","5"
"08761455","51.50464","-0.08896","19"
"08761455","51.51921","-0.12211","19"
"08761455","51.51892","-0.11138","19"
"08761455","51.45808","-0.97271","16"
"08761455","53.79852","-1.54853","9"
"08761455","51.5156","-0.1044","19"
"08761455","51.51786","-0.10637","19"
"08821370","51.50969","-0.08855","19"
"11638583","51.36983","-0.36546","0"
"09017475","51.52069","-0.08843","19"
"09017475","51.51335","-0.07793","19"
"04559015","51.43519","-1.07446","0"
"04559015","57.64785","-3.31474","0"
"10973129","51.51703","-0.08161","19"
"09692142","51.0341","-3.88935","0"
"09692142","51.48514","-3.17479","5"
"10828432","52.28325","-1.58599","13"
"10828432","51.52755","-0.10866","19"
"06428823","53.77959","-1.58087","9"
"08115760","51.63237","-0.75754","0"
"08115760","51.62627","-0.73841","0"
"08290623","52.17502","-1.67899","0"
"08290623","51.50469","-0.09869","19"
"07035347","51.40635","-0.2985","0"
"07035347","51.41465","-0.29979","0"
"03164162","51.49998","-0.13348","19"
"03164162","51.516","-0.14405","19"
"03164162","51.50522","-0.88607","16"
"04703224","53.40774","-1.4212","10"
"10526499","51.57888","-1.76647","0"
"10526499","51.52268","-0.08097","19"
"11393386","51.51372","-0.11846","19"
"09404819","51.516","-0.14405","19"
"09404819","51.52051","-0.11613","19"
"12299933","51.51138","-0.09024","19"
"12299933","51.52412","-0.0859","19"
"12299933","52.70911","-2.7427","0"
"09633575","50.96107","-1.4248","0"
"04221931","52.96405","-1.46226","0"
"04221931","51.5117","-0.15715","19"
"04362105","51.29655","-0.75459","0"
"04362105","51.29329","-0.7573","0"
"10704986","51.52714","-0.10597","19"
SC548356,"55.96194","-3.18144","3"
SC548356,"51.51092","-0.11771","19"
SC548356,"55.95144","-3.20389","3"
SC548356,"51.51743","-0.12436","19"
"07838783","52.93131","-1.12566","11"
"05296935","51.51554","-0.10841","19"
"05296935","51.51409","-0.11873","19"
"08924217","51.60952","-0.64409","0"
"10246990","50.71859","-1.97638","0"
"10246990","51.51653","-0.13528","19"
"06886828","51.53197","-0.11041","19"
"04040122","51.50658","-0.14976","19"
"09467768","52.19284","-1.70784","0"
"09467768","51.50318","-0.11535","19"
"09467768","51.49944","-0.16606","19"
"08754173","51.52969","-0.06134","19"
"10709019","51.52226","-0.11516","19"
"07998559","53.79295","-1.54434","9"
"07998559","53.82808","-1.53772","9"
"06771074","51.51027","-0.09303","19"
"06910689","51.51797","-0.11934","19"
"06910689","51.52086","-0.10789","19"
"09825513","51.26949","-1.07495","0"
"09482425","52.58774","-1.82262","12"
"09482425","51.51703","-0.08161","19"
"07473859","52.25705","-1.18325","0"
"05156445","51.54095","0.00272","0"
"06823136","51.51462","-0.09727","19"
"06823136","51.58677","-0.55456","17"
"06823136","53.46353","-2.23677","8"
"06823136","53.46265","-2.23779","8"
"10123376","51.51554","-0.10841","19"
"10894174","53.5926","-2.29782","8"
"07522669","51.51458","-0.13737","19"
"07522669","51.55336","-0.14345","19"
"11617157","51.54666","-0.18213","0"
"02004015","51.50658","-0.14976","19"
"02004015","51.52589","-0.08519","19"
"08184190","50.72342","-3.52519","0"
"08184190","50.72501","-3.52388","0"
"08184190","51.44899","-2.58188","5"
"08184190","51.51238","-0.15417","19"
SC411179,"56.30877","-3.80119","0"
SC411179,"51.49184","-0.26177","0"
"10298638","52.67258","-2.42429","0"
"10298638","52.63948","-2.4214","0"
"10280145","52.03653","-0.76773","0"
"08379199","52.34202","-1.80347","12"
"11717417","53.38416","-2.35191","8"
"11717417","51.52294","-0.10669","19"
"07075739","51.76087","0.00148","0"
"04494783","51.43402","-0.51443","0"
"04494783","51.4362","-0.50153","0"
NI054248,"54.59476","-5.92875","0"
NI054248,"54.59396","-5.92856","0"
"08202019","51.62109","-1.28308","0"
"08202019","51.622","-1.28684","0"
"11182861","53.50936","-2.68578","0"
"11182861","53.48422","-2.2487","8"
"13127277","51.1912","0.28563","0"
"13127277","51.41334","-0.19426","0"
"11375584","51.49998","-0.13348","19"
"03239798","55.0112","-1.62364","6"
"03239798","51.50847","-0.12641","19"
"03239798","51.67348","-0.02249","0"
"03239798","53.68739","-1.5766","9"
"03239798","57.2579","-2.3743","0"
"03239798","53.35844","-2.16488","8"
"03239798","52.18593","-0.01337","14"
"04220936","51.31311","-0.88497","0"
"04220936","51.51858","-0.07825","19"
"06264879","51.52062","-0.10069","19"
"10885852","51.5189","-0.15637","19"
"09969949","51.51778","-0.11594","19"
"09969949","51.50974","-0.12375","19"
"10174458","51.1912","0.28563","0"
"10174458","51.41334","-0.19426","0"
"11315505","51.55016","-0.48092","0"
"11315505","50.83169","-0.78379","0"
"03885555","51.52167","-0.1437","19"
"03885555","51.49501","-0.14578","19"
"06423008","51.82316","-3.02106","5"
"11772360","51.27827","0.47882","0"
"11772360","51.53348","-0.12504","19"
"11772360","53.47637","-2.23958","8"
"08968471","53.40603","-2.99","7"
"11211387","53.79547","-1.55573","9"
"11211387","51.48595","-0.11044","19"
"11316246","51.45158","-2.57971","5"
"08401076","50.71797","-1.87729","0"
"10249412","51.52562","-0.08363","19"
"05243851","51.50349","-0.11564","19"
"09922859","51.52409","-0.71575","0"
"11083230","53.74768","-0.33981","0"
"09952345","51.36861","-0.3655","0"
"09952345","51.51695","-0.0838","19"
NI040558,"54.60168","-5.93115","0"
NI040558,"51.46431","-0.11633","0"
"03323244","51.98783","-1.11422","0"
"03323244","51.5152","-0.13669","19"
"10886992","51.98783","-1.11422","0"
"10886992","51.5152","-0.13669","19"
"10589824","51.51256","-0.13122","19"
"10551691","51.5172","-0.13976","19"
OC417937,"51.43451","-2.75465","5"
"07113885","51.52493","-0.09448","19"
"07113885","51.51409","-0.09317","19"
"07113885","51.89283","0.89519","0"
"08671105","51.51796","-0.11086","19"
"08671105","52.61322","-1.07157","0"
"08671105","55.95717","-3.1927","3"
"08671105","52.47678","-1.91403","12"
"08671105","51.51733","-0.14238","19"
"08671105","51.45354","-2.60122","5"
"08671105","53.95699","-1.08738","0"
"11935701","51.44333","-2.5679","5"
"11935701","50.4158","-4.10842","0"
"11935701","51.53308","-0.10551","19"
"11935701","55.97778","-3.17721","3"
"11935701","51.45325","-2.58629","5"
"10813936","51.50836","-0.5953","0"
"10813936","51.52072","-0.13583","19"
SC542348,"55.86259","-4.26094","2"
SC542348,"51.54234","-0.14776","19"
"06237914","53.2578","-2.13145","0"
"06237914","52.19764","0.13106","14"
"07370553","51.52015","-0.11211","19"
"08270677","52.62302","1.31346","4"
"08270677","52.6306","1.298","4"
"08399467","51.30444","0.44793","0"
"08399467","51.54112","-2.56718","5"
"08399467","50.84817","-1.16417","0"
"08399467","51.51421","-0.08476","19"
"08399467","52.47754","-2.0274200000000002","12"
"08399467","53.92438","-1.37384","0"
"08399467","51.3929","-0.50273","0"
"08399467","51.51164","-0.08995","19"
"08399467","51.45169","-0.95986","16"
"08399467","53.48046","-2.24342","8"
"08399467","51.52335","-2.61366","5"
"08399467","51.51025","-0.08579","19"
SC206700,"55.95237","-3.2156","3"
"10051029","51.45158","-2.57971","5"
"05042992","51.54053","-0.17912","0"
"05042992","51.53419","-0.06239","19"
"07775662","51.49007","-0.30195","0"
"08526821","51.45758","-0.9702","16"
"08526821","50.8262","-0.13844","15"
"10864351","52.48129","-1.89608","12"
"10864351","52.48468","-1.91101","12"
"07389229","53.40774","-1.4212","10"
"07389229","51.46142","-2.58141","5"
"12581498","51.45347","-2.58826","5"
"02683933","52.03392","-0.77208","0"
"06593922","51.66655","-0.38999","0"
"12473605","52.83161","-1.15748","11"
"12473605","51.51429","-0.14473","19"
"06692279","51.51327","-0.08612","19"
"06692279","51.52398","-0.08258","19"
"07937973","51.50305","-0.10501","19"
"10337647","51.51716","-0.14053","19"
"10337647","53.48631","-2.23423","8"
"10337647","51.50957","-0.14273","19"
"10337647","51.51092","-0.11771","19"
"08070525","51.51981","-0.07734","19"
"08070525","52.95459","-1.14299","11"
"08631051","53.53649","-2.68552","0"
"08631051","53.54255","-2.6347","8"
"09877239","53.79565","-1.55068","9"
"02712443","51.4925","-0.27739","0"
"11362053","50.3451","-4.78772","0"
"11362053","50.26233","-5.04656","0"
"11362053","51.50127","-0.09239","19"
"09325423","52.63081","1.37032","4"
"09325423","52.73678","0.40038","0"
"09325423","52.67114","1.27199","4"
NI667914,"54.99997","-7.32333","0"
"08494022","51.52076","-0.10456","19"
"08494022","51.51758","-0.12932","19"
"08494022","51.51989","-0.12263","19"
"07121345","51.46038","-2.58728","5"
"07258794","52.72229","-2.47985","0"
"09784536","51.45325","-2.58629","5"
"04713512","52.46898","-1.89444","12"
"06299383","51.43434","-0.51556","0"
"06299383","51.48684","-3.17586","5"
"06299383","51.3929","-0.50273","0"
"06299383","52.52034","-1.99347","12"
"06299383","53.42598","-2.52505","8"
"06299383","51.51025","-0.08579","19"
"10304694","51.5273","-0.08889","19"
"10304694","51.50619","-0.10414","19"
"11625325","51.52302","-0.26227","0"
"10048492","53.79547","-1.53798","9"
"10048492","53.7949","-1.53902","9"
"08948116","51.54287","0.65046","0"
"08948116","51.98294","-0.21252","0"
"10562581","51.51028","-0.09301","19"
"10562581","51.52598","-0.08302","19"
"11358458","51.71575","-0.61892","0"
"04330595","51.13456","0.26741","0"
"04330595","51.50496","-0.08765","19"
"04330595","51.37265","-0.53603","0"
"04330595","52.47893","-1.90294","12"
"04330595","51.11288","-0.18745","0"
"04330595","50.82578","-0.14161","15"
SC484389,"55.86644","-4.27521","2"
"11859509","51.52518","-0.0903","19"
"11859509","53.47988","-2.22937","8"
"11859509","51.20736","-0.80514","0"
"11859509","51.52519","-0.08798","19"
"08802287","51.46501","-3.16755","5"
"08802287","51.45086","-2.58697","5"
"07562810","51.54183","0.65746","0"
"07562810","51.55195","0.61339","0"
"07562810","51.5252","-0.05742","19"
"06289588","53.39448","-2.979","7"
"08677559","51.51187","-0.09447","19"
"08677559","51.54234","-0.14776","19"
"01765758","51.51522","-0.12729","19"
"01765758","51.41535","-0.75774","0"
"10745424","53.58084","-2.44861","8"
"10745424","53.57745","-2.4395","8"
"10745424","53.58261","-2.44206","8"
"11015968","51.50908","-0.13113","19"
"11015968","51.51372","-0.13202","19"
"11015968","51.51165","-0.13415","19"
SC321692,"55.90785","-3.5117","3"
SC321692,"57.14568","-2.08381","0"
SC321692,"53.72498","-2.33149","0"
SC321692,"55.85111","-4.44236","2"
"06922381","51.51554","-0.10841","19"
"06922381","54.59396","-5.92856","0"
"06922381","51.51624","-0.14198","19"
"09906183","51.52562","-0.08363","19"
"09906183","51.52169","-0.08163","19"
"07674357","55.29576","-1.71384","6"
"07674357","51.54407","-0.04801","19"
"11075396","52.74668","-1.47402","0"
"11075396","52.74646","-1.47598","0"
"06852966","51.51339","-0.08152","19"
"06852966","51.5172","-0.13348","19"
"07704144","51.51797","-0.11934","19"
"07704144","53.35012","-2.65474","0"
"06655970","53.4842","-2.22855","8"
"12472314","51.51658","-0.14045","19"
"12472314","51.51492","-0.13281","19"
OC414339,"51.53904","-0.10364","19"
"09593429","50.70819","-3.48967","0"
"07114042","53.79547","-1.55573","9"
"07114042","51.52074","-0.13678","19"
"07114042","51.52022","-0.1368","19"
"07114042","50.821","-0.13968","15"
"10780059","51.50969","-0.08855","19"
"10740132","51.45418","-2.59931","5"
"09290335","51.53541","-0.11009","19"
"09290335","51.52038","-0.08771","19"
"06845547","53.38109","-1.47148","10"
"06845547","51.49679","-0.01834","19"
"06845547","53.79864","-1.42794","9"
"09958534","52.00837","-0.72586","0"
"10664359","51.51674","-0.06767","19"
"10664359","53.48161","-2.24237","8"
"10664359","51.51965","-0.07045","19"
"10385931","50.81257","-1.1945","0"
"10385931","51.49581","-0.14575","19"
"10685808","51.51744","-0.1398","19"
"06347796","51.5144","-0.07509","19"
"06928066","50.82578","-0.14161","15"
"06928066","51.52983","-0.12006","19"
"06928066","50.82002","-0.13448","15"
"09228527","51.46163","-0.1164","0"
"09263514","51.51275","-0.0675","19"
"06432709","51.51712","-0.10941","19"
"06432709","51.51801","-0.11194","19"
"09377633","54.93307","-1.61867","6"
"09377633","54.55567","-0.89521","0"
"09377633","53.93526","-1.40452","0"
"09377633","52.36705","-2.71895","0"
"05431888","52.20171","-0.29504","0"
"10226707","52.24853","0.08122","14"
"10226707","51.51702","-0.06827","19"
"10226707","52.22917","0.15781","14"
"08348377","51.51611","-0.10898","19"
"08348377","51.06877","-1.79742","0"
NI601280,"54.59664","-5.92065","0"
NI601280,"51.52175","-0.13416","19"
NI601280,"54.57863","-5.95919","0"
NI601280,"54.59517","-5.93283","0"
SC399884,"55.86219","-4.28033","2"
SC399884,"55.86284","-4.28261","2"
"07686793","51.88939","0.89612","0"
"06682587","50.88673","-1.04285","0"
"06682587","50.90999","-1.40806","0"
"06682587","50.83497","-0.77538","0"
"11082557","53.74315","-0.33154","0"
"10418071","51.51744","-0.13415","19"
"07364502","51.51303","-0.12138","19"
"07364502","51.52315","-0.09109","19"
"12357871","51.73572","-1.31838","0"
"12357871","51.57202","-1.76479","0"
"12357871","51.34196","-2.25152","5"
"12357871","51.37076","-1.70021","0"
"12357871","51.37392","-1.28306","0"
"08086487","53.48546","-2.2333","8"
"08086487","53.48454","-2.23176","8"
"10934182","53.34858","-2.98589","7"
"10934182","53.39448","-2.979","7"
"10698843","53.79492","-1.56311","9"
"10668176","53.4805","-2.24071","8"
"10668176","53.47986","-2.25078","8"
"04380926","53.4763","-2.25792","8"
"06019292","51.54192","-0.35968","0"
"06019292","51.50881","-0.307","0"
"06019292","51.54752","-0.02226","0"
"06019292","51.51404","-0.13508","19"
"06019292","53.47286","-2.29968","8"
"06019292","53.47254","-2.2977","8"
"06019292","51.51283","-0.3098","0"
"06899293","53.39707","-2.98173","7"
"06899293","53.39538","-2.98013","7"
"05865757","51.52013","-0.10985","19"
"11423123","53.41627","-2.16982","8"
"09655330","51.23504","-0.5752","0"
SC458616,"55.94263","-3.21388","3"
"10443820","51.6032","-0.1921","0"
"10443820","56.46228","-2.96037","0"
"10443820","51.5228","-0.07976","19"
"07911481","53.40774","-1.4212","10"
"10511024","54.73908","-1.33596","6"
"10490546","53.4351","-2.22651","8"
"10490546","51.51448","-0.08046","19"
"04833458","50.86591","-0.97085","0"
"04833458","52.98646","-0.9641","11"
"04833458","50.90979","-1.00113","0"
"12820369","52.0365","-0.67985","0"
"12820369","53.47286","-2.29968","8"
"08031315","51.52276","-0.1162","19"
"08031315","51.52032","-0.11667","19"
"05916054","52.48491","-1.9128","12"
"05916054","51.52007","-0.10811","19"
"09869690","51.52562","-0.08363","19"
"09869690","51.5268","-0.09466","19"
"12039819","53.7975","-1.55464","9"
"12039819","53.48054","-2.24636","8"
"12039819","51.5137","-0.13296","19"
"08979146","53.57235","-2.31137","8"
"12523488","51.51689","-0.07834","19"
"06416093","51.52034","-0.10076","19"
"06416093","51.89738","-0.74995","0"
"06929776","50.83101","-0.14008","15"
"06929776","51.50614","-0.09219","19"
"06929776","51.50611","-0.09557","19"
"06314646","52.61135","-2.34626","0"
"09314258","55.038","-1.50845","6"
"09314258","55.00742","-1.49253","6"
"10938664","51.50499","-0.0936","19"
"08480532","52.63394","1.29349","4"
"08480532","52.63287","1.31426","4"
"02142261","51.5107","-0.22581","18"
"02142261","51.51865","-0.1331","19"
"02142261","51.52146","-0.13732","19"
"06776120","53.53718","-0.1779","0"
"11972417","51.51453","-0.12621","19"
"08724506","51.36812","-0.09947","0"
"08724506","51.50236","-0.07241","19"
"03071929","51.52059","-0.14108","19"
"03071929","51.52017","-0.14332","19"
"08738815","51.52288","-0.09822","19"
"06773747","51.42574","-0.33567","0"
"06773747","51.51629","-0.14068","19"
"06773747","51.51501","-0.136","19"
"08920651","51.52194","-0.10136","19"
"08920651","51.52773","-0.07741","19"
"11760782","51.52167","-0.1437","19"
"09643131","51.52032","-0.10567","19"
"09643131","51.51592","-0.0894","19"
"08322928","51.49669","-0.13649","19"
"08322928","51.50659","-0.10407","19"
"11410955","51.52518","-0.0903","19"
"08656087","51.51282","-0.08621","19"
"08656087","51.51796","-0.11536","19"
"09496273","52.62612","1.29755","4"
"09496273","52.63394","1.29349","4"
"09877457","51.58271","-0.69184","17"
"09205739","51.51138","-0.09024","19"
"09205739","51.52222","-0.08418","19"
OC384874,"51.41151","-0.83533","17"
OC384874,"51.23761","-0.57748","0"
"05581186","51.50469","-0.01337","19"
"05581186","53.40976","-2.2274","8"
"05581186","53.27755","-2.23007","8"
"03513618","51.51522","-0.12729","19"
"03513618","52.47678","-1.91403","12"
"03513618","53.95059","-1.04806","0"
"03513618","52.48152","-1.90541","12"
NI032276,"54.99646","-7.3218","0"
NI032276,"54.60392","-5.91539","0"
"08849026","51.50469","-0.01337","19"
"08849026","51.53424","-0.122","19"
"09387261","51.52416","-0.07621","19"
"08421694","51.50603","-0.10001","19"
"08421694","51.53274","-0.12213","19"
"07967446","51.50072","0.00689","0"
"07967446","51.51676","-0.12297","19"
"10116333","51.48545","-0.60753","0"
"11056917","52.03864","-0.76715","0"
"08078716","53.81734","-3.03787","0"
"08078716","53.87233","-2.92302","0"
"08078716","53.88175","-3.00352","0"
"09924465","53.3333","-2.64505","0"
"09924465","51.52274","-0.10497","19"
"09924465","51.54615","-0.21299","0"
"11117812","52.13057","-0.46604","0"
"11117812","52.11817","-0.49658","0"
"04451080","51.44988","-2.56361","5"
"04232130","52.95163","-1.30138","11"
"08584202","51.49422","-0.22567","18"
"03554098","53.46578","-2.6314","0"
"03554098","53.71541","-1.3901","9"
"03554098","50.74371","-1.9787","0"
"03554098","52.32583","-0.69105","0"
"12021298","53.80103","-1.55623","9"
"12021298","51.51206","-0.08482","19"
"09589756","51.51446","-0.11177","19"
"10341057","51.54045","-0.0227","0"
SC229680,"55.97426","-3.16595","3"
SC229680,"52.09182","1.10259","0"
SC229680,"52.38857","-1.57634","13"
SC229680,"53.32966","-2.22766","8"
SC229680,"52.60816","1.08573","4"
SC229680,"53.01454","-1.31528","11"
SC229680,"55.82578","-4.03251","2"
SC229680,"52.11713","-0.49405","0"
SC229680,"50.94373","-2.6609","0"
SC229680,"51.57637","0.29099","0"
SC229680,"52.52394","-1.47032","0"
SC229680,"52.62912","1.30159","4"
SC229680,"52.40347","-1.51701","13"
SC229680,"50.94906","-2.67281","0"
SC346614,"56.49791","-3.51102","0"
SC346614,"56.48257","-2.88932","0"
SC346614,"55.84643","-4.41151","2"
SC346614,"55.90052","-3.49942","3"
SC346614,"56.42181","-3.46964","0"
SC346614,"57.14654","-2.09054","0"
SC346614,"56.02669","-3.43988","3"
SC346614,"56.0802","-3.87164","0"
SC346614,"55.85161","-4.28139","2"
SC346614,"55.95768","-3.24977","3"
SC346614,"55.60974","-4.50033","2"
"08282774","51.61367","-0.17632","0"
OC349348,"51.37223","-0.45981","0"
OC349348,"53.801","-1.55623","9"
"11388828","51.5273","-0.08889","19"
"01709830","51.51567","-0.13528","19"
"04088069","51.45544","-2.59775","5"
"04088069","51.456","-2.5808","5"
"09361701","53.47628","-2.2418","8"
"10389234","53.55296","-1.48654","10"
"10389234","53.4787","-2.25288","8"
"10389234","51.51827","-0.11019","19"
"10389234","53.79054","-1.53253","9"
"09568357","51.38639","-0.15982","0"
"09568357","53.48266","-2.25372","8"
"09568357","53.48069","-2.25641","8"
"09568357","53.4753","-2.30593","8"
"09568357","53.48243","-2.25342","8"
"09476244","51.51326","-0.14397","19"
"09476244","51.52325","-0.10176","19"
"08777013","51.50592","-0.02554","19"
"05949293","55.14484","-1.588","6"
"05949293","51.33757","-0.58795","0"
"05949293","51.55417","-3.0293","5"
"05949293","53.47081","-2.20138","8"
"05949293","51.52119","0.0992","0"
"05949293","51.50646","-2.69387","5"
SC388915,"55.95743","-3.1934","3"
"07517715","51.49422","-0.22567","18"
"08866337","53.81728","-1.66496","9"
"08866337","51.48875","-0.27921","0"
"11471303","51.50464","-0.08896","19"
NI613904,"54.10055","-6.25274","0"
NI613904,"54.48472","-6.23496","0"
"08500593","51.54118","-0.05555","19"
"08869791","51.50358","-0.10086","19"
"08869791","54.04508","-2.79681","0"
"08869791","51.45523","-2.59697","5"
"08251445","51.46052","-2.61216","5"
"09115432","50.8242","-0.14163","15"
"09335989","52.40749","-1.49386","13"
"09335989","52.41332","-1.51131","13"
"11310436","51.49739","-0.08078","19"
"11310436","51.75407","-1.26225","0"
"11351256","51.54691","-0.07495","19"
"02001899","51.40158","-1.30613","0"
"02001899","54.96837","-1.61214","6"
"10382607","51.51437","-0.10781","19"
"09911973","51.51462","-0.09727","19"
"05905919","52.09182","1.10259","0"
"05905919","52.38857","-1.57634","13"
"05905919","53.32966","-2.22766","8"
"05905919","52.60816","1.08573","4"
"05905919","53.01454","-1.31528","11"
"05905919","55.82578","-4.03251","2"
"05905919","52.11713","-0.49405","0"
"05905919","50.94373","-2.6609","0"
"05905919","51.57637","0.29099","0"
"05905919","52.06598","1.11267","0"
"11030651","51.54941","-0.11968","19"
"12103342","53.80103","-1.55623","9"
"12103342","53.92614","-0.96282","0"
"09155186","51.50162","-0.08202","19"
"09155186","52.03392","-0.77208","0"
"11061425","51.52562","-0.08363","19"
SC414313,"55.85007","-4.22186","2"
SC414313,"51.53058","-0.12068","19"
SC414313,"51.53348","-0.12504","19"
SC341808,"55.86127","-4.25904","2"
SC341808,"55.95097","-3.20652","3"
SC341808,"55.95015","-3.21164","3"
"10328629","51.62333","-3.94175","0"
"12217646","51.52059","-0.12221","19"
"12217646","51.51929","-0.1467","19"
"08525495","51.89308","-2.27134","0"
"01997219","51.50494","-0.01952","19"
"01997219","50.82523","-0.33067","15"
"01997219","51.50495","-0.01945","19"
"09039982","51.35846","-0.18926","0"
"07489192","53.40138","-2.96863","7"
"07489192","53.39448","-2.979","7"
"09726409","51.52013","-0.14361","19"
"10657177","51.52696","-0.09472","19"
"09194543","52.07966","0.44872","0"
"09194543","52.19539","0.13054","14"
"09194543","52.19842","0.12878","14"
"11455813","51.51611","-0.10898","19"
"04614845","51.64222","-0.42939","0"
"04614845","51.45284","-0.97357","16"
"04614845","51.64034","-0.43109","0"
"04614845","51.51374","-0.13368","19"
"04614845","52.54023","-0.3075","0"
"07188234","54.96547","-1.61648","6"
"07188234","51.52312","-0.10116","19"
"04388778","52.08354","0.02276","14"
"04388778","52.0881","0.02567","14"
"04159512","51.50326","-0.09637","19"
"11032446","51.51572","-0.10238","19"
"10023050","52.13912","-0.48122","0"
"10023050","51.50298","-0.10017","19"
"03730675","51.38308","-0.784","17"
"03730675","51.40131","-0.84893","0"
"03730675","51.29484","-0.3276","0"
"08754407","51.52294","-0.07837","19"
"08754407","51.52699","-0.08674","19"
"05851785","51.52927","-0.08809","19"
"06989121","51.51308","-0.10569","19"
"06989121","51.5129","-0.10675","19"
"07514654","53.5206","-2.27256","8"
"07514654","53.81602","-2.49857","0"
"07514654","53.4842","-2.22855","8"
"07514654","55.95176","-3.20222","3"
"07514654","51.51446","-0.11177","19"
"07514654","53.96065","-1.08481","0"
"08005765","50.83667","-1.17769","0"
SC373186,"55.86014","-4.25978","2"
"08717578","51.52086","-0.10789","19"
"08717578","51.52498","-0.09755","19"
"01705100","52.21204","-0.46797","0"
"01705100","51.53074","-0.09371","19"
"01705100","52.21568","-0.4766","0"
"08296573","51.5167","-0.08316","19"
"09511847","51.38165","-2.36294","5"
"09511847","51.5152","-0.13669","19"
"11198909","51.52013","-0.14361","19"
"07113176","52.33268","-0.06043","14"
"07431687","51.41968","-0.20051","0"
"07431687","50.83838","-0.14829","15"
"07431687","50.84217","-0.15245","15"
"07574403","52.92835","-1.47146","0"
"07574403","52.92329","-1.49174","0"
"11254980","51.51797","-0.11934","19"
"11254980","52.95459","-1.14299","11"
"11254980","51.51981","-0.07734","19"
"09215025","53.78662","-2.89324","0"
"10535827","51.52362","-0.08344","19"
"10535827","53.40361","-2.99358","7"
"10535827","51.52422","-0.07686","19"
"04519389","54.95735","-1.56535","6"
"04519389","54.9539","-1.61414","6"
"03050693","50.82422","-0.14049","15"
"10888788","51.51777","-0.13992","19"
"03890736","51.50494","-0.01952","19"
"03890736","50.82523","-0.33067","15"
"03890736","51.45261","-2.5984","5"
"03890736","55.77906","-4.09362","2"
"03890736","55.9433","-4.56931","2"
"10849738","52.67423","-2.76739","0"
"05599067","50.98894","-0.20584","15"
"05599067","51.13653","-0.19148","0"
"05599067","53.9912","-1.54536","0"
"11855242","53.48422","-2.2487","8"
"11855242","50.84075","-1.08276","0"
FC035185,"51.49238","-0.22508","18"
"06427309","51.47924","-0.1945","0"
"06427309","51.51641","-0.0888","19"
"05420512","50.84217","-0.15245","15"
"05420512","50.81098","-0.09335","15"
"09941257","53.65302","-1.5402","9"
"09941257","51.66164","-0.70355","17"
"09941257","53.651","-1.38821","0"
"02701507","51.5167","-0.08316","19"
"07756396","51.49308","-0.28185","0"
"07756396","51.51218","-0.30446","0"
"13097814","51.64222","-0.42939","0"
"13097814","51.45284","-0.97357","16"
"13097814","51.64034","-0.43109","0"
"13097814","51.51374","-0.13368","19"
"13097814","52.54023","-0.3075","0"
"03905265","53.83192","-1.78263","0"
"03905265","53.76461","-1.54874","9"
"08971343","53.73751","-2.94708","0"
"08971343","51.75231","-1.26365","0"
"08971343","51.45909","-0.97628","16"
"08971343","53.79124","-1.53812","9"
"10678161","52.29328","-1.53577","13"
"11946079","51.51253","-0.08842","19"
"06032852","50.82578","-0.14161","15"
"08339740","52.78364","0.43099","0"
"04798223","51.4582","-0.96767","16"
"04798223","53.29936","-2.96992","7"
"04798223","51.52458","-0.14162","19"
"04798223","50.72252","-1.87746","0"
"08291535","50.72392","-1.86367","0"
"08291535","50.72195","-1.87801","0"
"08291535","51.5164","-0.12563","19"
"08284662","52.95435","-1.14926","11"
"08284662","51.50464","-0.08896","19"
"04629082","52.48152","-1.90541","12"
"04629082","52.44843","-2.04705","12"
NI620493,"55.00019","-7.30803","0"
NI620493,"51.50815","-0.13499","19"
"09550855","51.48571","-2.59889","5"
"09550855","51.45644","-2.60853","5"
"04157120","50.3644","-4.38424","0"
"04157120","54.51521","-6.76404","0"
"05373044","53.78143","-1.55159","9"
"11955187","53.37936","-1.46933","10"
"11955187","53.48454","-2.23176","8"
"11955187","51.52294","-0.07837","19"
"07128024","51.71488","0.15501","0"
"09381660","53.40774","-1.4212","10"
"09381660","52.29043","-1.5295","13"
"08045459","50.8214","-0.13092","15"
"09107715","51.52116","-0.1613","19"
"09107715","51.52201","-0.1037","19"
"10184443","51.90264","-2.07802","0"
"10184443","51.9001","-2.07897","0"
"11060430","51.45081","-2.59321","5"
"12499552","51.45081","-2.59321","5"
"09279587","51.5132","-0.10188","19"
"08013642","51.52337","-0.11052","19"
"11410514","53.7073","-2.69599","0"
"11410514","51.49156","-0.77452","17"
"11410514","53.7299","-2.72979","0"
"11410514","52.60372","-1.91939","12"
"09747821","52.03819","-2.68247","0"
"02817559","51.4736","-0.24948","0"
"02817559","51.44077","-0.40309","0"
"06905971","51.69694","-0.53299","0"
"06905971","51.63883","-0.46997","0"
"06905971","51.52589","-0.08519","19"
"09399976","51.51594","-0.13171","19"
OC349151,"51.34774","-0.86025","0"
OC349151,"51.5143","-0.13488","19"
OC349151,"51.47524","-3.18594","5"
OC349151,"53.47254","-2.2977","8"
"08733876","51.52231","-0.10357","19"
"08733876","51.5241","-0.1066","19"
"10013007","51.50357","-0.09491","19"
"10013007","51.50291","-0.10984","19"
NI640434,"54.5968","-5.93177","0"
"10224658","50.81702","-0.78945","0"
"10224658","51.4623","-0.98516","16"
"11152549","53.54174","-2.10609","8"
"11152549","52.98982","-2.13521","0"
"03711171","51.52493","-0.09448","19"
"03711171","51.4933","-0.13876","19"
"03711171","51.5264","-0.13574","19"
"09845992","51.5206","-0.14569","19"
"06934131","52.95472","-1.13719","11"
"06934131","52.79646","-0.69574","0"
"06934131","52.95779","-1.1505","11"
"10712158","51.51414","-0.2271","18"
"08451828","51.5273","-0.08889","19"
"08233250","51.45898","-0.97554","16"
"05029372","51.37198","-0.455","0"
"05029372","51.52606","-0.62811","17"
"05029372","51.47308","-0.40764","0"
SC543593,"55.85161","-4.28139","2"
"10838998","50.94457","-1.36805","0"
"10838998","51.5042","-0.14902","19"
"09589798","51.5144","-0.13796","19"
"02950954","51.49112","-0.29055","0"
"02950954","51.54752","-0.02226","0"
"02950954","51.54698","-0.02356","0"
"07593455","51.65359","-0.5467","0"
"07852221","51.52317","-0.08134","19"
"07852221","51.51464","-0.07824","19"
"02893731","51.51492","-0.13905","19"
"09416835","52.62754","1.30889","4"
"09416835","51.4804","-0.11023","19"
"07648618","54.9664","-1.59619","6"
"07648618","51.51997","-0.13233","19"
"09996201","51.52273","-0.03785","19"
"09996201","51.52222","-0.03859","19"
"07656596","54.55145","-1.31516","0"
"07656596","53.79124","-1.53812","9"
SC618686,"55.97689","-3.17047","3"
"08492481","51.51719","-0.14205","19"
"08803937","51.43094","-2.61809","5"
"08803937","51.54884","-2.55281","5"
"11020663","51.51611","-0.10898","19"
"11020663","51.50464","-0.08896","19"
"06814750","53.9584","-1.08177","0"
"06814750","51.45272","-1.99674","0"
"08860982","50.8242","-0.14163","15"
"08860982","51.51824","-0.13421","19"
"09526599","50.84217","-0.15245","15"
"09526599","50.828","-0.13382","15"
"10652116","51.51774","-0.07409","19"
"11574775","51.51719","-0.14205","19"
"02881781","51.51797","-0.11934","19"
"11956982","51.24124","-0.56264","0"
"10920162","51.52072","-0.13583","19"
"06729435","53.73918","-0.33466","0"
"10796174","51.75346","-1.26606","0"
"10796174","51.75508","-1.26194","0"
SC503997,"55.97023","-2.96088","3"
"07538551","51.44672","-2.55487","5"
"07538551","51.45013","-2.59323","5"
"04693984","51.76245","0.17138","0"
"04693984","51.51594","-0.13171","19"
"08333424","51.58796","-0.03841","0"
"08333424","51.59279","-0.04208","0"
"11541245","53.80036","-2.31359","0"
"11541245","51.53768","-0.09128","19"
"00964890","51.36405","-0.19252","0"
"00964890","51.53188","-0.27445","0"
"02376241","51.52197","-0.08413","19"
"05997734","51.51697","-0.13275","19"
"07737942","51.51434","-0.11884","19"
"07648078","52.28066","-1.505","13"
"05340060","53.79499","-1.53716","9"
"05340060","51.499","-0.09871","19"
"07576518","51.50877","-0.12294","19"
"10051786","51.27827","0.47882","0"
"10051786","51.53238","-0.12327","19"
"08821450","52.95408","-1.14379","11"
"08821450","52.95435","-1.14122","11"
"04290554","51.08071","1.18372","0"
"12316032","51.52382","-0.14054","19"
"08809298","51.45939","-2.60907","5"
"08809298","51.42645","-2.77926","5"
"08809298","51.39562","-2.76957","5"
"08240765","51.50469","-0.01337","19"
"08240765","53.40228","-2.98351","7"
"07929600","51.71575","-0.61892","0"
"07929600","51.60347","-0.29728","0"
"10384626","50.82408","-0.13838","15"
"06632452","51.73738","-0.46918","0"
"06632452","51.52745","-0.0883","19"
"08382892","51.53533","-0.11669","19"
"08382892","51.53092","-0.1184","19"
"04410946","51.52341","-0.1116","19"
"07692393","51.52317","-0.08134","19"
"07692393","56.4633","-2.95601","0"
"06314945","51.5439","-0.18733","0"
"06314945","51.54049","-0.20795","0"
"07149367","53.79145","-1.55384","9"
"11260579","50.82451","-0.16036","15"
"11260579","50.83259","-0.13736","15"
"07942380","51.52146","-0.14311","19"
"07942380","51.5201","-0.14166","19"
"08761842","51.39102","0.00822","0"
"08761842","51.37708","-0.01489","0"
"10276324","51.51053","-0.12087","19"
"07443079","53.80258","-1.56696","9"
"12178060","53.37429","-2.18854","8"
"12178060","53.47918","-2.24112","8"
"10165691","53.5569","-2.31998","8"
"10165691","50.71364","-1.98714","0"
"10165691","50.71427","-1.98683","0"
"11506925","53.40308","-2.985","7"
"11506925","51.48002","-0.18579","0"
"11506925","53.30154","-2.37197","8"
"11506925","54.32777","-2.74996","0"
"08492749","51.51719","-0.14205","19"
"08258929","51.50584","-0.09982","19"
"08258929","51.5127","-0.13803","19"
"10790906","53.47795","-2.25642","8"
"10388935","51.50719","-0.13162","19"
"10388935","51.51282","-0.08621","19"
"03223028","51.52201","-0.07941","19"
"03223028","55.94393","-4.86518","0"
"03223028","52.83411","-1.30983","11"
"03223028","53.5","-1.1233","0"
"11293590","51.52243","-0.10755","19"
"11293590","51.52341","-0.0546","19"
NI031997,"54.59292","-5.92736","0"
"08663249","51.76208","-0.01129","0"
"08663249","51.4804","-0.11023","19"
"11399332","51.51174","-0.10658","19"
"11399332","51.51696","-0.12056","19"
"11944173","51.5149","-0.12362","19"
"08725411","51.52201","-0.07941","19"
"11049457","51.52201","-0.07941","19"
"04490352","53.79471","-1.53711","9"
"09237022","54.07065","-2.77651","0"
"09237022","54.33382","-2.7374","0"
"09237022","51.52139","-0.1068","19"
"09959151","51.52201","-0.07941","19"
"06528297","51.52201","-0.07941","19"
"07702358","51.60212","-0.63602","17"
"07702358","51.70705","-0.61121","0"
"08920152","51.45557","-2.59163","5"
"08920152","51.46052","-2.61216","5"
"11001357","51.45325","-2.58629","5"
"11001357","51.51696","-0.12056","19"
"12405751","51.61188","-0.64952","0"
"09195427","51.52997","-0.09185","19"
"02258593","51.51138","-0.09024","19"
"02258593","51.51574","-0.1543","19"
"02258593","51.5019","-0.18922","0"
"10552600","53.25742","-3.44084","0"
"10552600","51.54234","-0.14776","19"
SC531509,"56.21286","-2.93535","0"
"10008371","51.52574","-0.21184","18"
"10744625","51.48485","-3.16796","5"
"10744625","51.46386","-3.17202","5"
"11778284","53.47406","-2.28632","8"
"04352070","51.38283","-2.35988","5"
"03795835","51.51414","-0.2271","18"
"03795835","51.50987","-0.22043","18"
"07357972","51.51246","-0.1387","19"
"11364140","51.45354","-2.59493","5"
"11364140","51.37435","-2.37137","5"
"08468207","51.51168","-0.08279","19"
"08468207","51.52585","-0.08908","19"
"08157548","53.39671","-2.29401","8"
"08157548","54.60012","-5.93007","0"
"08157548","53.78916","-2.2522","0"
"05313949","51.52298","-0.08622","19"
"05313949","51.51645","-0.13334","19"
"05313949","51.52057","-0.13599","19"
"10587122","51.50127","-0.09239","19"
"11377089","51.51796","-0.11086","19"
"01698349","53.4771","-2.24261","8"
"01698349","51.48891","-0.22825","18"
"01698349","51.49024","-0.22541","18"
"10676408","51.51631","-0.13449","19"
"10676408","51.11227","-0.18503","0"
"10676408","51.50315","-0.11326","19"
"11653780","51.2159","-0.58059","0"
"11653780","50.77421","-0.83211","0"
"11721452","51.74815","-1.27377","0"
"10494324","53.75894","-2.45405","0"
"04513809","51.51172","-0.08476","19"
FC034225,"51.52201","-0.07941","19"
"12111207","51.54008","-0.15287","19"
"12111207","51.52388","-0.1043","19"
"12111207","53.35795","-2.16639","8"
"09631264","51.52388","-0.1043","19"
"09631264","53.35795","-2.16639","8"
"09631264","51.52114","-0.10243","19"
"10973381","51.41857","-0.4179","0"
"10973381","51.45399","-0.89539","16"
"10973381","51.43865","-0.97234","16"
"10256037","51.89883","-2.07419","0"
"10256037","51.89894","-2.07469","0"
"09736209","51.517","-0.13512","19"
"09736209","51.5125","-0.13559","19"
"09451657","54.52287","-1.55837","0"
"09451657","50.74142","-2.70239","0"
"08652873","51.51206","-0.13911","19"
"09972684","53.42055","-2.30654","8"
"10449795","51.52484","-0.08071","19"
"07874991","52.31648","-2.06076","0"
"10307293","54.96869","-1.6221","6"
"08478564","51.5852","0.60559","0"
"08478564","51.58662","0.60823","0"
"07132387","51.538","-0.13705","19"
"10885194","51.59312","-0.16799","0"
"10885194","51.57106","-0.1944","0"
"10885194","51.64366","-0.18054","0"
"10973601","51.51462","-0.09727","19"
"10973601","50.82002","-0.13448","15"
"10973601","52.28616","-1.53026","13"
"10973601","51.49501","-0.14578","19"
"06968171","53.40774","-1.4212","10"
"06968171","54.9664","-1.59619","6"
"08397697","51.51721","-0.12688","19"
"08393999","51.57241","-0.76567","17"
"07187537","51.57347","-0.76144","0"
"07187537","52.95513","-1.07703","11"
"07187537","53.78147","-1.56994","9"
OC413282,"51.53032","-0.07651","19"
"04410187","51.45325","-2.59392","5"
"04410187","51.45235","-2.59322","5"
"08451517","51.45785","-2.47606","5"
"08451517","51.49604","-0.12797","19"
"08451517","51.44333","-2.5679","5"
"12699034","51.32954","-2.71917","5"
"12699034","51.44423","-2.56363","5"
"10743162","51.52445","-0.08774","19"
"10743162","51.52745","-0.0883","19"
"08793967","51.77694","-0.07549","0"
"05507231","51.44333","-2.5679","5"
"07865212","51.49149","-2.59941","5"
"07915403","50.91381","-1.40153","0"
"07915403","51.51604","-0.13827","19"
"06727940","51.51966","-0.11951","19"
"06727940","51.52518","-0.0903","19"
"10440971","51.51531","-0.08749","19"
"10440971","50.82451","-0.16036","15"
"10440971","51.51212","-0.13638","19"
"07725718","51.51434","-0.11884","19"
"07309775","51.50294","-0.09978","19"
"07309775","51.52373","-0.06968","19"
"03677408","51.51895","-0.13551","19"
"06546868","51.21481","-0.79838","0"
"06546868","51.51608","-0.12361","19"
"06546868","51.51627","-0.12228","19"
NI643497,"54.60301","-5.92715","0"
"07607081","52.25573","-0.906","0"
"07607081","52.2794","-0.87579","0"
"11370694","51.51265","-0.13608","19"
"08675687","53.48454","-2.23176","8"
"10449910","52.29134","-1.53058","13"
"08602466","53.86018","-2.17863","0"
"08602466","53.48306","-2.2477","8"
"08396438","54.57755","-1.2339","0"
"08303558","51.5241","-0.09678","19"
SC416685,"55.95255","-3.20121","3"
NI629518,"54.59294","-5.92862","0"
"10875658","51.52259","-0.09241","19"
"10345668","53.78318","-2.29578","0"
"10345668","53.94908","-1.04736","0"
"12553225","50.88346","-1.03796","0"
"09294338","51.45833","-0.13228","0"
"06723644","51.50881","-0.307","0"
"06723644","53.80122","-1.56702","9"
"09409186","51.48025","-0.01365","19"
"09409186","51.60994","-0.13641","0"
"04398573","51.61939","-0.27919","0"
"04398573","51.53896","-0.08164","19"
"07111656","54.58047","-1.235","0"
"07111656","54.58004","-1.2357","0"
"04357249","54.68546","-1.20702","6"
"04357249","54.90415","-1.37735","6"
"06848626","52.48059","-1.90117","12"
"06772474","51.50881","-0.307","0"
"06772474","53.80122","-1.56702","9"
"11463983","51.60462","-0.7006","17"
"11463983","51.62598","-0.77123","0"
"05361673","51.5107","-0.22581","18"
"05361673","51.5165","-0.1122","19"
"05361673","51.51621","-0.21435","18"
SC155843,"55.85698","-4.24675","2"
"06362304","51.42951","-0.08184","0"
"06362304","51.5136","-0.14851","19"
"06362304","51.51212","-0.12755","19"
"10127861","50.87615","-1.24174","0"
"10127861","51.52038","-0.08771","19"
"11606874","52.47844","-1.90621","12"
"09729889","51.51797","-0.11934","19"
"09729889","54.95744","-1.6783","6"
"12250363","53.59133","-1.30711","0"
"06585175","51.52514","-0.11118","19"
"06585175","52.98733","-1.20434","11"
"02717944","51.50908","-0.13113","19"
"02717944","51.54399","-0.13723","19"
"02717944","55.85354","-4.29245","2"
"09361526","51.79212","-1.51664","0"
"01453367","51.58243","-3.29639","0"
"01453367","51.68438","-3.01604","5"
"04340689","52.64657","1.11285","4"
"09343087","53.48422","-2.2487","8"
"09343087","53.47955","-2.25292","8"
SC581670,"55.97726","-3.1741","3"
"10415210","51.51282","-0.13281","19"
"07485094","51.51797","-0.11934","19"
"07485094","51.51396","-0.12632","19"
"12625118","53.40025","-2.99104","7"
"04224736","51.51754","-0.10827","19"
"02584418","51.74584","-0.32718","0"
"02584418","51.83331","-0.37629","0"
"05851603","51.47648","-3.1541","5"
"05851603","51.51721","-0.13596","19"
"10880837","51.51303","-0.12138","19"
"12566815","53.40779","-2.99245","7"
"12566815","51.52075","-0.13614","19"
"12566815","53.39448","-2.979","7"
"07696900","51.60209","-2.52421","5"
"07696900","51.68208","-2.35244","5"
"04019815","52.36558","-0.07945","14"
"02151436","52.63849","-1.10411","0"
"02151436","57.11543","-2.07864","0"
"07060683","52.92835","-1.21634","11"
"07060683","51.51777","-0.13992","19"
"07060683","51.54747","-0.53471","17"
"09215830","53.39017","-1.47809","10"
"09551696","52.65632","-1.05127","0"
"09551696","52.65502","-1.14246","0"
"09381288","52.81729","-2.12348","0"
"10568101","50.83344","-0.16371","15"
"10568101","51.54869","-0.12832","19"
"10568101","51.48855","-0.22252","18"
"10568101","51.48132","-0.14596","19"
"07481783","51.35652","-0.11774","0"
"07481783","51.37421","-0.11549","0"
"09908133","51.35835","-0.14631","0"
"09908133","51.32889","-0.77025","17"
"10550795","51.53912","-0.05689","19"
"10550795","51.5289","-0.08772","19"
"09107153","51.51418","-0.09358","19"
"09107153","52.95057","-1.14271","11"
"09107153","51.51694","-0.07793","19"
"09107153","54.59762","-5.92794","0"
"08334523","51.46372","-0.30247","0"
"08334523","50.90914","-1.41177","0"
"06434137","51.51446","-0.11177","19"
"06434137","52.94883","-1.15181","11"
"06434137","52.51519","-3.31634","0"
"11712447","52.63795","-2.43158","0"
"08550417","52.30491","-0.7022","0"
"08550417","52.35059","-0.52586","0"
"08550417","52.1508","-0.47473","0"
"11976489","51.5406","-3.13624","5"
"11976489","52.38852","-1.73435","0"
"03392607","53.54977","-1.52042","0"
"09477920","53.47559","-2.2414","8"
"09477920","53.47286","-2.29968","8"
"06096443","50.96537","-1.38478","0"
"06096443","51.24054","-0.57572","0"
"06096443","51.23581","-0.58127","0"
"06622457","53.2908","-3.7014","0"
"07796206","51.4582","-0.96767","16"
"07796206","51.49647","-0.27395","0"
"09510115","52.48232","-1.90099","12"
"09510115","51.43417","-0.18692","0"
"09510115","51.49094","-2.69221","5"
"06076082","51.50908","-0.13113","19"
"06076082","51.51764","-0.13448","19"
"06076082","51.50444","-0.10419","19"
"04377175","51.48669","-0.32778","0"
"04377175","51.46074","-2.60955","5"
"07979643","52.48578","-1.9047","12"
"07979643","52.4809","-1.91328","12"
"09211960","51.53174","0.78543","0"
"09211960","51.50583","-0.27737","0"
"11060647","51.52498","-0.09755","19"
"09493963","55.0044","-1.44407","6"
"08968737","51.50279","-0.21993","18"
"08968737","51.52042","-0.10612","19"
"08968737","50.94053","-1.79505","0"
"09740281","51.27305","0.39611","0"
"07462517","53.71986","-1.85954","0"
"07462517","53.72019","-1.86261","0"
"11844582","51.5209","-0.07596","19"
"05195345","51.86634","-2.24363","0"
"05195345","51.879","-2.22112","0"
"12634600","51.5273","-0.08889","19"
"06873019","50.91732","-1.44497","0"
"12098756","51.5209","-0.07596","19"
"06249424","51.62045","-3.93305","0"
"00982041","52.48045","-1.90028","12"
"00982041","54.60074","-5.85879","0"
"00982041","54.58541","-5.93289","0"
"09557283","53.46588","-2.31029","8"
"12186894","53.47795","-2.25642","8"
"12186894","53.79128","-1.56553","9"
"12186894","51.52216","-0.27613","0"
"05721428","53.40779","-2.99245","7"
"05721428","53.39448","-2.979","7"
"05721428","51.52075","-0.13614","19"
"06099390","51.52304","-0.10564","19"
"09969501","51.5224","-0.08643","19"
"09969501","51.52485","-0.08294","19"
"09904577","52.67887","-2.04476","0"
"09904577","52.67327","-2.00588","0"
"11241058","51.52107","-0.10897","19"
"11241058","53.71017","-1.3419","0"
"10502807","51.51372","-0.11846","19"
"11372955","51.27466","1.08867","0"
"11372955","51.51331","-0.13616","19"
"11970620","54.00401","-1.44897","0"
"11970620","53.79621","-1.56676","9"
"05207175","53.79948","-1.54017","9"
"05207175","54.23269","-1.34112","0"
"05207175","53.74545","-0.3475","0"
"05207175","53.79823","-1.53125","9"
"07456939","51.54666","-0.18213","0"
"07456939","51.51812","-0.11251","19"
"08785427","51.51804","-0.14003","19"
"08043409","51.5209","-0.07596","19"
"05731764","51.51749","-0.1259","19"
"11480886","50.81983","-0.13104","15"
"11480886","51.61713","-0.01399","0"
"06728992","52.72992","1.36187","4"
"06728992","52.62668","1.30041","4"
"06728992","51.5241","-0.1066","19"
"08694993","51.71653","-1.21565","0"
"11344027","51.50236","-0.22574","18"
"05683398","51.461","-0.20002","0"
"05683398","51.33174","-0.26848","0"
"09736691","51.53719","-0.08045","19"
"11881927","51.52059","-0.12221","19"
"11881927","51.51153","-0.13783","19"
"10526042","53.47897","-2.2468","8"
"10526042","51.50134","-0.07177","19"
"10526042","53.47231","-2.24435","8"
"07510041","51.54691","-0.07495","19"
"07510041","51.52347","-0.07799","19"
"09685878","51.06104","-1.31715","0"
"11052404","51.51454","-0.08614","19"
"11052404","53.84073","-1.82305","0"
"05943514","52.03429","-1.29284","0"
"05824876","51.5172","-0.13976","19"
"10505722","51.27082","0.5228","0"
"10505722","51.51621","-0.11192","19"
"07155473","52.22053","-0.87257","0"
"10365255","53.37738","-1.47457","10"
"10365255","53.84073","-1.82305","0"
"10365255","55.01029","-1.44812","6"
"04113164","53.40779","-2.99245","7"
"04113164","53.44029","-2.97854","7"
"11403744","51.45325","-2.58629","5"
"06422597","51.65884","-0.25654","0"
"06422597","51.54747","-0.53471","17"
"08946838","51.50168","-0.1922","0"
"08946838","51.50174","-0.18957","0"
"08528890","54.89258","-2.89362","0"
"11246897","54.96392","-1.85191","6"
"11079291","51.51071","-0.12146","19"
"10043642","53.0804","-0.79752","0"
"11452965","51.51163","-0.10729","19"
"11452965","51.51831","-0.1391","19"
SC262870,"57.64785","-3.31474","0"
"08183480","51.50469","-0.01337","19"
"11002571","52.27364","-1.53573","13"
"11002571","52.27537","-1.53593","13"
"10694642","51.74624","-0.97363","0"
"10694642","51.54191","-0.08009","19"
NI636713,"54.58962","-5.92378","0"
"11643182","51.51163","-0.10729","19"
"11643182","51.51831","-0.1391","19"
"11268756","51.4819","-2.62626","5"
"08302629","51.60434","-3.3407","0"
"08302629","51.47194","-3.1785","5"
"04816786","51.51123","-0.13762","19"
"04816786","51.41663","-0.83758","0"
"06040754","53.6481","-1.7758100000000001","0"
"06040754","53.64808","-1.7758100000000001","0"
"06549141","51.42091","-0.41344","0"
"11158092","51.6327","-0.09898","0"
"11737872","51.11344","-0.87694","0"
"11737872","51.1531","-0.95822","0"
"11737872","51.51672","-0.13854","19"
"05355559","51.50341","-0.09613","19"
"06650486","52.06894","-0.63197","0"
"06650486","51.5253","-0.28134","0"
"06650486","51.44801","-2.55979","5"
"06650486","51.45772","-2.56538","5"
"06650486","52.58688","-1.98858","12"
"06650486","52.43419","-1.43011","13"
"06650486","52.83692","-1.28416","11"
"06650486","52.86358","-1.26742","11"
"06650486","51.41195","-0.29953","0"
"06650486","51.48877","0.26544","0"
"06650486","51.47762","-0.01459","19"
"06650486","52.50129","-1.85822","12"
"06650486","52.50549","-1.8565","12"
"06650486","52.50428","-1.87208","12"
"06650486","51.51887","-0.10056","19"
"06650486","51.51992","-0.10232","19"
"06650486","51.86867","-2.19731","0"
"06650486","51.86546","-2.23865","0"
"06650486","52.95516","-1.15872","11"
"06650486","52.9354","-1.17669","11"
"06650486","50.9135","-1.3985","0"
"06650486","50.91322","-1.39957","0"
"06650486","53.26502","-2.882","7"
"06650486","53.26469","-2.88613","7"
"07805517","51.51704","-0.14017","19"
"12417657","51.51837","-0.18884","19"
"11862950","52.62969","1.30071","4"
"08335925","51.5143","-0.14017","19"
"04296800","51.39902","-1.30281","0"
"03860840","51.51681","-0.1396","19"
"03860840","51.51818","-0.13845","19"
"03860840","51.41506","-0.52941","0"
"02914954","51.51256","-0.07686","19"
"02914954","51.51476","-0.09808","19"
"02914954","51.50099","-0.01732","19"
"02914954","51.4871","-0.1106","19"
"03068959","51.51797","-0.11934","19"
"05565220","51.51462","-0.09727","19"
"05565220","52.28616","-1.53026","13"
"05565220","50.82002","-0.13448","15"
"05565220","51.49501","-0.14578","19"
"03001118","51.54627","-2.56052","5"
"03001118","51.47044","-2.59411","5"
"07210563","50.2542","-5.04601","0"
"10964841","51.52562","-0.08363","19"
"10964841","51.52636","-0.08145","19"
"09238407","50.69842","-3.52483","0"
"09238407","53.25046","-3.14378","0"
"09238407","50.70859","-3.53456","0"
"09238407","50.83257","-0.78077","0"
"06927518","51.58677","-0.55456","17"
"10057405","51.52297","-0.10065","19"
"07352454","54.89876","-1.41616","6"
"08575666","51.63559","-0.76936","0"
"10455195","53.79915","-1.54936","9"
"11116412","53.38664","-1.37823","10"
"08029654","51.51682","-0.07574","19"
"08029654","51.51814","-0.07504","19"
"10109699","52.0525","1.14023","0"
"10109699","51.46663","-0.18908","0"
"07504412","51.51902","-0.05811","19"
"07504412","51.49397","-0.21091","18"
"07504412","51.51442","-0.07038","19"
SC548157,"56.46119","-2.97131","0"
"10471244","51.45589","-2.55839","5"
"12256483","51.23475","-0.57297","0"
"04841569","51.53909","-0.1255","19"
"06504773","51.64998","-0.02563","0"
"07830644","52.19092","-2.20817","0"
"09594382","51.36178","-0.18474","0"
"04218112","51.38437","-2.35652","5"
"09234137","53.79604","-1.55106","9"
"03261946","51.50496","-0.08765","19"
"07073335","51.25067","-0.78465","0"
"09917955","51.61886","-3.95098","0"
"02957722","51.51472","-0.08288","19"
"02957722","52.20661","0.13059","14"
"02957722","51.5482","-2.55467","5"
"02957722","53.42","-2.33117","8"
"09979646","53.42638","-2.79423","7"
"03051069","52.29134","-1.53058","13"
"03051069","51.12883","-2.89891","0"
"03051069","53.35866","-2.16776","8"
