lad,lad_code,Final area,LAD23CD,LONG,LAT,Shape__Area,Shape__Length
Buckinghamshire,E06000060,Buckinghamshire,E06000060,-0.80573,51.76967,1572324915,301394.3371
Peterborough,E06000031,Cambridgeshire and Peterborough,E06000031,-0.26874,52.59214,341522886.9,97197.35765
Cambridge,E07000008,Cambridgeshire and Peterborough,E07000008,0.126436,52.20017,40210644.39,30621.76634
East Cambridgeshire,E07000009,Cambridgeshire and Peterborough,E07000009,0.283149,52.35788,658590905.4,166827.1837
Fenland,E07000010,Cambridgeshire and Peterborough,E07000010,0.008927,52.53545,547646528.9,136155.9888
Huntingdonshire,E07000011,Cambridgeshire and Peterborough,E07000011,-0.2247,52.35314,911264462.6,193578.6165
South Cambridgeshire,E07000012,Cambridgeshire and Peterborough,E07000012,0.091017,52.10805,898629643.3,225263.7367
Warrington,E06000007,Cheshire and Warrington,E06000007,-2.56167,53.39164,178558338.8,72259.48922
Cheshire East,E06000049,Cheshire and Warrington,E06000049,-2.29299,53.16793,1168703023,236519.3505
Cheshire West and Chester,E06000050,Cheshire and Warrington,E06000050,-2.70298,53.16336,919469346.7,226900.9695
Cornwall,E06000052,Cornwall and Isles of Scilly,E06000052,-4.64254,50.45022,3573774345,561819.0739
Isles of Scilly,E06000053,Cornwall and Isles of Scilly,E06000053,-6.30217,49.92332,13574584.3,40388.20647
Cumberland,E06000063,Cumbria,E06000063,-3.30797,54.68606,3036749284,393850.88
Westmoreland and Furness,E06000064,Cumbria,E06000064,-2.71336,54.4917,3793637698,406349.5622
Plymouth,E06000026,Devon,E06000026,-4.11297,50.40494,81990179.39,56400.20746
Torbay,E06000027,Devon,E06000027,-3.55523,50.47092,65466044.37,55439.00258
East Devon,E07000040,Devon,E07000040,-3.22364,50.75761,817043967.1,169148.4103
Exeter,E07000041,Devon,E07000041,-3.51368,50.71782,46523292.26,30579.48648
Mid Devon,E07000042,Devon,E07000042,-3.5921,50.86884,906845407,204295.8001
North Devon,E07000043,Devon,E07000043,-3.92688,51.07621,1089319728,202461.651
South Hams,E07000044,Devon,E07000044,-3.81996,50.37196,890852058.2,245108.075
Teignbridge,E07000045,Devon,E07000045,-3.65289,50.60981,676304600.6,133249.305
Torridge,E07000046,Devon,E07000046,-4.21728,50.90739,984704199.1,225484.6111
West Devon,E07000047,Devon,E07000047,-4.03358,50.66482,1167273603,203933.6257
"Bournemouth, Christchurch and Poole",E06000058,Dorset,E06000058,-1.84807,50.74609,162230399.9,94589.211
Dorset,E06000059,Dorset,E06000059,-2.41459,50.79698,2489108947,402023.8446
Derby,E06000015,East Midlands CCA,E06000015,-1.47186,52.91464,78253866.99,40189.14239
Nottingham,E06000018,East Midlands CCA,E06000018,-1.16667,52.9542,75902792.38,49589.04325
Amber Valley,E07000032,East Midlands CCA,E07000032,-1.46219,53.02884,267683390,85443.68986
Bolsover,E07000033,East Midlands CCA,E07000033,-1.27228,53.23874,160375692.1,81798.17349
Chesterfield,E07000034,East Midlands CCA,E07000034,-1.40115,53.25574,65546901.07,41477.29567
Derbyshire Dales,E07000035,East Midlands CCA,E07000035,-1.70708,53.12327,795616955.3,198196.1673
Erewash,E07000036,East Midlands CCA,E07000036,-1.35089,52.93819,108892651.7,57555.81931
High Peak,E07000037,East Midlands CCA,E07000037,-1.844,53.38563,540619532.8,133866.6428
North East Derbyshire,E07000038,East Midlands CCA,E07000038,-1.44253,53.16243,274748256.2,129096.1254
South Derbyshire,E07000039,East Midlands CCA,E07000039,-1.5348,52.8249,336639990.5,128727.2569
Ashfield,E07000170,East Midlands CCA,E07000170,-1.25422,53.09747,109082534.6,57298.70217
Bassetlaw,E07000171,East Midlands CCA,E07000171,-0.9787,53.35604,639301219.5,136464.9708
Broxtowe,E07000172,East Midlands CCA,E07000172,-1.25944,52.97208,79433918.64,52750.1229
Gedling,E07000173,East Midlands CCA,E07000173,-1.11907,53.02434,120122088.8,59268.70699
Mansfield,E07000174,East Midlands CCA,E07000174,-1.17804,53.16703,78365962.79,45441.41251
Newark and Sherwood,E07000175,East Midlands CCA,E07000175,-0.94643,53.1096,651135384.7,159292.0811
Rushcliffe,E07000176,East Midlands CCA,E07000176,-1.01097,52.9124,409779466,104624.6866
Eastbourne,E07000061,East Sussex,E07000061,0.258516,50.77387,44441865.84,29562.34321
Hastings,E07000062,East Sussex,E07000062,0.578395,50.86724,29520571.57,27845.59792
Lewes,E07000063,East Sussex,E07000063,0.007658,50.83342,292687380.2,93893.9484
Rother,E07000064,East Sussex,E07000064,0.542937,50.94871,515828355.3,134147.9732
Wealden,E07000065,East Sussex,E07000065,0.205156,50.93323,839410904.5,168995.5446
Southend-on-Sea,E06000033,Essex,E06000033,0.706923,51.54917,44700956.31,36510.70263
Thurrock,E06000034,Essex,E06000034,0.334874,51.50996,161565237.7,73520.59811
Basildon,E07000066,Essex,E07000066,0.475056,51.59037,110725381.5,49853.42158
Braintree,E07000067,Essex,E07000067,0.575912,51.91635,612612223.1,131743.9577
Brentwood,E07000068,Essex,E07000068,0.290091,51.64108,153007283.2,62498.17343
Castle Point,E07000069,Essex,E07000069,0.588127,51.56159,44443607.27,39318.19457
Chelmsford,E07000070,Essex,E07000070,0.491177,51.73503,340545363.8,94171.23079
Colchester,E07000071,Essex,E07000071,0.85982,51.87701,328509336.6,131182.0623
Epping Forest,E07000072,Essex,E07000072,0.154146,51.71278,339297470.1,101260.5821
Harlow,E07000073,Essex,E07000073,0.103888,51.76614,29849413.08,22091.22062
Maldon,E07000074,Essex,E07000074,0.773106,51.77458,358322811.7,160732.3072
Rochford,E07000075,Essex,E07000075,0.683442,51.5909,168469497.3,106533.5707
Tendring,E07000076,Essex,E07000076,1.108981,51.85674,329202834.9,143575.3868
Uttlesford,E07000077,Essex,E07000077,0.294499,51.9359,645326011.7,138944.4868
Cheltenham,E07000078,Gloucestershire,E07000078,-2.07515,51.89861,46538844.81,31000.68489
Cotswold,E07000079,Gloucestershire,E07000079,-1.97058,51.77255,1167408877,277372.6235
Forest of Dean,E07000080,Gloucestershire,E07000080,-2.47755,51.81249,542623649.2,166765.0375
Gloucester,E07000081,Gloucestershire,E07000081,-2.23263,51.84641,40597168.89,28016.8047
Stroud,E07000082,Gloucestershire,E07000082,-2.30818,51.72001,472499798.7,142765.4672
Tewkesbury,E07000083,Gloucestershire,E07000083,-2.19997,51.93487,413495708.5,170213.8577
North East Lincolnshire,E06000012,Greater Lincolnshire,E06000012,-0.13911,53.52327,190561036.8,78299.37827
North Lincolnshire,E06000013,Greater Lincolnshire,E06000013,-0.52407,53.58643,849079577.4,183045.101
Rutland,E06000017,Greater Lincolnshire,E06000017,-0.6263,52.66765,391226387.9,96490.91514
Boston,E07000136,Greater Lincolnshire,E07000136,-0.11218,52.97797,365246292.6,100900.6801
East Lindsey,E07000137,Greater Lincolnshire,E07000137,0.020516,53.26446,1774430230,229912.0826
Lincoln,E07000138,Greater Lincolnshire,E07000138,-0.55848,53.21921,34776950.28,28546.92429
North Kesteven,E07000139,Greater Lincolnshire,E07000139,-0.47664,53.08059,921041108.5,163481.4885
South Holland,E07000140,Greater Lincolnshire,E07000140,-0.03057,52.78759,754602325.9,145705.7612
South Kesteven,E07000141,Greater Lincolnshire,E07000141,-0.49568,52.84885,942066293.3,184679.4977
West Lindsey,E07000142,Greater Lincolnshire,E07000142,-0.50774,53.40044,1158136215,221121.4441
Bolton,E08000001,Greater Manchester CA,E08000001,-2.47952,53.5845,138687865,64710.33404
Bury,E08000002,Greater Manchester CA,E08000002,-2.3088,53.59309,100712672.3,57016.25347
Manchester,E08000003,Greater Manchester CA,E08000003,-2.23359,53.47009,111898280.9,69387.51978
Oldham,E08000004,Greater Manchester CA,E08000004,-2.05274,53.55768,144009083.7,60962.51615
Rochdale,E08000005,Greater Manchester CA,E08000005,-2.14784,53.60741,156235168.8,70318.81383
Salford,E08000006,Greater Manchester CA,E08000006,-2.38485,53.47927,97966760.85,56607.45749
Stockport,E08000007,Greater Manchester CA,E08000007,-2.12465,53.39111,125568339.9,56970.43145
Tameside,E08000008,Greater Manchester CA,E08000008,-2.077,53.47867,102157730.7,43840.60972
Trafford,E08000009,Greater Manchester CA,E08000009,-2.36572,53.41672,108080386.8,50827.79228
Wigan,E08000010,Greater Manchester CA,E08000010,-2.57242,53.51445,188317219.2,71511.88725
Basingstoke and Deane,E07000084,Hampshire area,E07000084,-1.22023,51.25937,634608479.1,122978.5224
East Hampshire,E07000085,Hampshire area,E07000085,-0.93965,51.05774,514528117.6,124378.2632
Hart,E07000089,Hampshire area,E07000089,-0.88321,51.28198,213278822.5,65784.3475
Rushmoor,E07000092,Hampshire area,E07000092,-0.76807,51.27815,39457260.04,26459.77159
Test Valley,E07000093,Hampshire area,E07000093,-1.50214,51.13417,625590030.7,159720.9117
Winchester,E07000094,Hampshire area,E07000094,-1.24393,51.03002,661544469.6,142586.504
Broxbourne,E07000095,Hertfordshire,E07000095,-0.05073,51.7208,51741960.73,34985.11753
Dacorum,E07000096,Hertfordshire,E07000096,-0.55098,51.76845,214930898.5,93306.0025
Hertsmere,E07000098,Hertfordshire,E07000098,-0.26899,51.68017,99202699.26,52255.23307
North Hertfordshire,E07000099,Hertfordshire,E07000099,-0.22316,51.95732,372109579.3,142754.4363
Three Rivers,E07000102,Hertfordshire,E07000102,-0.45005,51.65632,88910485.81,64605.43606
Watford,E07000103,Hertfordshire,E07000103,-0.40429,51.6717,22713922.52,21681.06893
St Albans,E07000240,Hertfordshire,E07000240,-0.3407,51.77356,158865311.9,63002.82564
Welwyn Hatfield,E07000241,Hertfordshire,E07000241,-0.18518,51.76087,129449584.6,69326.05652
East Hertfordshire,E07000242,Hertfordshire,E07000242,0.002739,51.86485,477728689.6,112068.8511
Stevenage,E07000243,Hertfordshire,E07000243,-0.18987,51.90539,26824166.08,22050.21433
"Kingston upon Hull, City of",E06000010,Hull and East Yorkshire,E06000010,-0.30385,53.76921,70864432.02,40935.32145
East Riding of Yorkshire,E06000011,Hull and East Yorkshire,E06000011,-0.66195,53.88112,2407866942,344625.4029
Medway,E06000035,Kent,E06000035,0.563174,51.44772,190701602,115776.9492
Ashford,E07000105,Kent,E07000105,0.823374,51.13096,583622956.7,122850.2956
Canterbury,E07000106,Kent,E07000106,1.096328,51.28102,308386327,95761.84507
Dartford,E07000107,Kent,E07000107,0.245276,51.43373,72780878.86,44124.66819
Dover,E07000108,Kent,E07000108,1.276887,51.21176,315207012.6,93262.18612
Gravesham,E07000109,Kent,E07000109,0.398744,51.39649,96065046.46,49991.00914
Maidstone,E07000110,Kent,E07000110,0.584061,51.23566,392223477.4,101282.7203
Sevenoaks,E07000111,Kent,E07000111,0.188936,51.27563,370528651,111504.5551
Folkestone and Hythe,E07000112,Kent,E07000112,1.000796,51.07215,359130356.3,128225.7638
Swale,E07000113,Kent,E07000113,0.776893,51.32251,369663147.3,176783.2006
Thanet,E07000114,Kent,E07000114,1.328226,51.35252,104187082.1,46106.88186
Tonbridge and Malling,E07000115,Kent,E07000115,0.349305,51.26063,243626655.8,91660.06416
Tunbridge Wells,E07000116,Kent,E07000116,0.471631,51.10253,327340648.6,117037.5846
Blackburn with Darwen,E06000008,Lancashire,E06000008,-2.46361,53.7008,139459823.5,55078.42049
Blackpool,E06000009,Lancashire,E06000009,-3.02199,53.82164,33560336.28,29842.63816
Burnley,E07000117,Lancashire,E07000117,-2.2308,53.77404,111741180.3,48839.30066
Chorley,E07000118,Lancashire,E07000118,-2.61923,53.67238,202955917.9,77363.52883
Fylde,E07000119,Lancashire,E07000119,-2.91914,53.79709,163588656.4,71097.1608
Hyndburn,E07000120,Lancashire,E07000120,-2.38964,53.75644,73310982.22,36612.43975
Lancaster,E07000121,Lancashire,E07000121,-2.6603,54.07901,569213755,182203.7341
Pendle,E07000122,Lancashire,E07000122,-2.18956,53.88636,166907540.1,66093.67093
Preston,E07000123,Lancashire,E07000123,-2.71804,53.82201,142930267,61319.7842
Ribble Valley,E07000124,Lancashire,E07000124,-2.41737,53.92451,582753282.6,127830.4572
Rossendale,E07000125,Lancashire,E07000125,-2.26149,53.68476,137062119,62480.20064
South Ribble,E07000126,Lancashire,E07000126,-2.72871,53.72676,114211486.9,71676.68885
West Lancashire,E07000127,Lancashire,E07000127,-2.869,53.61284,346490875.9,113766.11
Wyre,E07000128,Lancashire,E07000128,-2.8036,53.89991,285147630.7,115501.2493
Leicester,E06000016,Leicester and Leicestershire,E06000016,-1.1304,52.63592,73578513.64,40836.09187
Blaby,E07000129,Leicester and Leicestershire,E07000129,-1.19887,52.57706,130104368.3,80292.64981
Charnwood,E07000130,Leicester and Leicestershire,E07000130,-1.13694,52.7399,276407356.6,93620.13132
Harborough,E07000131,Leicester and Leicestershire,E07000131,-0.90228,52.53764,595908577.8,142562.0475
Hinckley and Bosworth,E07000132,Leicester and Leicestershire,E07000132,-1.41755,52.60877,300074393.4,93502.48789
Melton,E07000133,Leicester and Leicestershire,E07000133,-0.8544,52.80326,484009413.9,116594.4794
North West Leicestershire,E07000134,Leicester and Leicestershire,E07000134,-1.42215,52.74251,278293477.6,95781.82508
Oadby and Wigston,E07000135,Leicester and Leicestershire,E07000135,-1.093,52.58875,23221816.11,23050.25105
Halton,E06000006,Liverpool City Region CA,E06000006,-2.68853,53.33424,80380640.66,67017.04421
Knowsley,E08000011,Liverpool City Region CA,E08000011,-2.83297,53.43788,86259380.37,57791.38309
Liverpool,E08000012,Liverpool City Region CA,E08000012,-2.91368,53.40833,112986725.8,54579.66714
St. Helens,E08000013,Liverpool City Region CA,E08000013,-2.70309,53.45862,135954662.6,64913.99222
Sefton,E08000014,Liverpool City Region CA,E08000014,-2.99177,53.48212,153854468.2,98968.92679
Wirral,E08000015,Liverpool City Region CA,E08000015,-3.06703,53.37478,155791690,75456.2131
Hackney,E09000012,London,E09000012,-0.06045,51.55492,19832965.07,21351.25235
Haringey,E09000014,London,E09000014,-0.1067,51.58771,28656867.05,25726.85732
Islington,E09000019,London,E09000019,-0.10989,51.54546,15147055.24,17529.06885
Lambeth,E09000022,London,E09000022,-0.11385,51.46445,27177247.83,28899.88733
Lewisham,E09000023,London,E09000023,-0.01734,51.4423,34349338.12,30891.94211
Newham,E09000025,London,E09000025,0.027261,51.53149,36911702,25880.68231
Southwark,E09000028,London,E09000028,-0.07308,51.46594,29744481.83,28145.72509
Tower Hamlets,E09000030,London,E09000030,-0.03647,51.51554,19288776.95,22595.72495
City of London,E09000001,London,E09000001,-0.09351,51.51564,2677121.54,6902.164496
Camden,E09000007,London,E09000007,-0.16291,51.54305,21269432.25,22059.47041
Hammersmith and Fulham,E09000013,London,E09000013,-0.21735,51.48733,17334835.19,20302.42844
Kensington and Chelsea,E09000020,London,E09000020,-0.18978,51.49645,11387818.31,17844.76829
Wandsworth,E09000032,London,E09000032,-0.20021,51.4524,35067557.86,32987.6375
Westminster,E09000033,London,E09000033,-0.15295,51.51221,22896812.79,22657.06083
Barking and Dagenham,E09000002,London,E09000002,0.129479,51.54555,36356924.03,31246.9092
Bexley,E09000004,London,E09000004,0.146212,51.45822,61714344.41,36630.81223
Enfield,E09000010,London,E09000010,-0.08144,51.64889,83007482.3,37695.48684
Greenwich,E09000011,London,E09000011,0.050093,51.46394,47350858.94,37948.25173
Havering,E09000016,London,E09000016,0.235368,51.56519,113330560.9,58255.99241
Redbridge,E09000026,London,E09000026,0.070085,51.58588,57723543.74,36059.36671
Waltham Forest,E09000031,London,E09000031,-0.0188,51.59461,39280519.92,28358.26127
Bromley,E09000006,London,E09000006,0.039246,51.37266,150200429.7,63023.07713
Croydon,E09000008,London,E09000008,-0.07761,51.36598,85955722.69,46711.48506
Kingston upon Thames,E09000021,London,E09000021,-0.28367,51.39296,37854590.62,33057.87431
Merton,E09000024,London,E09000024,-0.18868,51.41058,37363909.83,27911.15162
Sutton,E09000029,London,E09000029,-0.17226,51.35755,44501643.22,32965.24653
Barnet,E09000003,London,E09000003,-0.21819,51.61107,86664945.9,41943.78666
Brent,E09000005,London,E09000005,-0.27568,51.56438,44179370.12,33216.35683
Ealing,E09000009,London,E09000009,-0.3141,51.52442,54703293.5,39296.86323
Harrow,E09000015,London,E09000015,-0.33598,51.59467,51801479.59,31182.0556
Hillingdon,E09000017,London,E09000017,-0.44179,51.53664,115529298.4,55986.34301
Hounslow,E09000018,London,E09000018,-0.37855,51.46238,56826609.92,46725.30611
Richmond upon Thames,E09000027,London,E09000027,-0.28914,51.44035,57385323.25,45187.66736
Breckland,E07000143,New Anglia,E07000143,0.818717,52.59422,1301551951,207007.6779
Broadland,E07000144,New Anglia,E07000144,1.252273,52.69622,552205679.3,166546.7269
Great Yarmouth,E07000145,New Anglia,E07000145,1.64951,52.68439,181564833.4,74078.78494
King's Lynn and West Norfolk,E07000146,New Anglia,E07000146,0.533245,52.71285,1433356128,287640.8821
North Norfolk,E07000147,New Anglia,E07000147,1.132099,52.83389,958252832.3,229205.7025
Norwich,E07000148,New Anglia,E07000148,1.284979,52.64013,38523624.31,35792.67776
South Norfolk,E07000149,New Anglia,E07000149,1.373247,52.51217,909566392.9,197710.2807
Babergh,E07000200,New Anglia,E07000200,0.916149,52.0645,595933655.7,142711.1923
Ipswich,E07000202,New Anglia,E07000202,1.166175,52.05592,40678435.37,30234.6186
Mid Suffolk,E07000203,New Anglia,E07000203,1.096951,52.21856,873338668.1,159675.6614
East Suffolk,E07000244,New Anglia,E07000244,1.456187,52.244,1278889583,247091.7683
West Suffolk,E07000245,New Anglia,E07000245,0.652723,52.3084,1033666352,220843.6085
Northumberland,E06000057,North East CA,E06000057,-2.07523,55.30038,5032159793,445872.8291
Newcastle upon Tyne,E08000021,North East CA,E08000021,-1.65297,55.021,113015422.9,53418.63614
North Tyneside,E08000022,North East CA,E08000022,-1.50923,55.02896,83063767.53,58674.89887
South Tyneside,E08000023,North East CA,E08000023,-1.44679,54.96988,61949100.12,38498.30563
Sunderland,E08000024,North East CA,E08000024,-1.43344,54.85719,136133204.3,57187.92962
Gateshead,E08000037,North East CA,E08000037,-1.68696,54.93115,147501451.9,67922.97526
County Durham,E06000047,North East CA,E06000047,-1.84047,54.68513,2231276003,264017.926
Cherwell,E07000177,Oxfordshire,E07000177,-1.28506,51.88718,590021900.7,184823.4104
Oxford,E07000178,Oxfordshire,E07000178,-1.24405,51.75357,45105986.52,30243.64111
South Oxfordshire,E07000179,Oxfordshire,E07000179,-1.07847,51.62288,676297342.3,172245.776
Vale of White Horse,E07000180,Oxfordshire,E07000180,-1.48537,51.65444,582883616.4,146032.8657
West Oxfordshire,E07000181,Oxfordshire,E07000181,-1.50292,51.83991,713802074.7,132490.6367
Portsmouth,E06000044,Solent,E06000044,-1.07006,50.808,38571595.6,54671.99183
Southampton,E06000045,Solent,E06000045,-1.39952,50.9212,51630345.74,37973.15308
Isle of Wight,E06000046,Solent,E06000046,-1.33366,50.67129,379812371.9,114550.3634
Eastleigh,E07000086,Solent,E07000086,-1.32947,50.94876,77688930.93,54533.70578
Fareham,E07000087,Solent,E07000087,-1.23742,50.85388,73043048.2,49809.42313
Gosport,E07000088,Solent,E07000088,-1.16731,50.80636,25668846.58,28823.79726
Havant,E07000090,Solent,E07000090,-1.00398,50.87231,56149151.95,61331.44949
New Forest,E07000091,Solent,E07000091,-1.59293,50.85751,754659890.7,172485.5289
"Herefordshire, County of",E06000019,The Marches,E06000019,-2.73931,52.08162,2180498524,285477.5963
Telford and Wrekin,E06000020,The Marches,E06000020,-2.48941,52.71417,291774651.1,93581.69485
Shropshire,E06000051,The Marches,E06000051,-2.73667,52.62209,3188392280,469669.2586
Somerset,E06000066,Somerset,E06000066,-3.29604,51.07183,3461868404,377793.9379
Luton,E06000032,South East Midlands,E06000032,-0.42319,51.89102,44071111.13,30777.42087
Bedford,E06000055,South East Midlands,E06000055,-0.45463,52.19628,474735101.2,115790.1344
Central Bedfordshire,E06000056,South East Midlands,E06000056,-0.47754,51.99903,709037205.6,200732.9929
Milton Keynes,E06000042,South East Midlands,E06000042,-0.7407,52.07241,309296554.6,87914.77406
North Northamptonshire,E06000061,South East Midlands,E06000061,-0.62504,52.42547,993531201.1,173357.1538
West Northamptonshire,E06000062,South East Midlands,E06000062,-1.01682,52.26898,1374464836,214640.7868
Barnsley,E08000016,South Yorkshire CA,E08000016,-1.54925,53.52577,327245738.8,106160.4174
Doncaster,E08000017,South Yorkshire CA,E08000017,-1.10894,53.52695,567311902.8,116347.1673
Rotherham,E08000018,South Yorkshire CA,E08000018,-1.28651,53.39553,289185192.3,88845.36325
Sheffield,E08000019,South Yorkshire CA,E08000019,-1.54254,53.40358,365670799.4,114108.6335
Cannock Chase,E07000192,Stoke-on-Trent and Staffordshire,E07000192,-1.98277,52.70166,79662253.15,41985.19271
East Staffordshire,E07000193,Stoke-on-Trent and Staffordshire,E07000193,-1.81441,52.83652,394049885.2,138128.1737
Tamworth,E07000199,Stoke-on-Trent and Staffordshire,E07000199,-1.68455,52.62028,30582523.7,25379.49045
Stoke-on-Trent,E06000021,Stoke-on-Trent and Staffordshire,E06000021,-2.15888,53.01706,92984992.62,51328.38098
Lichfield,E07000194,Stoke-on-Trent and Staffordshire,E07000194,-1.76059,52.69615,328432890,104035.8503
Newcastle-under-Lyme,E07000195,Stoke-on-Trent and Staffordshire,E07000195,-2.32628,53.00347,210624258.8,87803.49802
South Staffordshire,E07000196,Stoke-on-Trent and Staffordshire,E07000196,-2.15496,52.69691,409452273.7,152646.6955
Stafford,E07000197,Stoke-on-Trent and Staffordshire,E07000197,-2.16477,52.84791,598962725.3,128801.8029
Staffordshire Moorlands,E07000198,Stoke-on-Trent and Staffordshire,E07000198,-1.99334,53.06928,576413215.4,120063.0272
Elmbridge,E07000207,Surrey,E07000207,-0.3944,51.36095,95459366.81,43268.24855
Guildford,E07000209,Surrey,E07000209,-0.56257,51.25366,271982931.1,104278.6581
Runnymede,E07000212,Surrey,E07000212,-0.53855,51.39274,79360011.81,37964.14928
Spelthorne,E07000213,Surrey,E07000213,-0.46254,51.41552,51885054.24,34304.88446
Surrey Heath,E07000214,Surrey,E07000214,-0.68983,51.33612,97014443.85,46459.4624
Waverley,E07000216,Surrey,E07000216,-0.62343,51.15686,342205223.4,102509.8354
Woking,E07000217,Surrey,E07000217,-0.57981,51.30839,61728436.27,41476.81
Swindon,E06000030,Swindon and Wiltshire,E06000030,-1.73369,51.57764,227705224.9,83694.73579
Wiltshire,E06000054,Swindon and Wiltshire,E06000054,-1.92655,51.32882,3259106351,350516.7336
Hartlepool,E06000001,Tees Valley CA,E06000001,-1.27018,54.67614,96603611.88,50733.622
Middlesbrough,E06000002,Tees Valley CA,E06000002,-1.21099,54.54467,55230925.92,35500.28999
Redcar and Cleveland,E06000003,Tees Valley CA,E06000003,-1.00608,54.56752,248314875.1,85085.40211
Stockton-on-Tees,E06000004,Tees Valley CA,E06000004,-1.30664,54.55687,205175992.4,88842.63613
Darlington,E06000005,Tees Valley CA,E06000005,-1.56835,54.53534,198236890.9,90977.68639
Bracknell Forest,E06000036,Thames Valley Berkshire,E06000036,-0.73364,51.41129,108239293.1,57919.7905
West Berkshire,E06000037,Thames Valley Berkshire,E06000037,-1.27365,51.44559,701196249.5,143133.1441
Reading,E06000038,Thames Valley Berkshire,E06000038,-0.99075,51.45301,41097521.23,31042.97978
Slough,E06000039,Thames Valley Berkshire,E06000039,-0.57617,51.5035,32188270.79,36996.60029
Windsor and Maidenhead,E06000040,Thames Valley Berkshire,E06000040,-0.67541,51.48034,197830118.3,102773.4862
Wokingham,E06000041,Thames Valley Berkshire,E06000041,-0.89935,51.42296,179381700.6,76405.87291
North Warwickshire,E07000218,Warwickshire,E07000218,-1.6242,52.56486,285128027.3,96459.86858
Nuneaton and Bedworth,E07000219,Warwickshire,E07000219,-1.47964,52.50094,77919860.81,40979.82486
Rugby,E07000220,Warwickshire,E07000220,-1.31828,52.38228,349018309.6,96992.36043
Stratford-on-Avon,E07000221,Warwickshire,E07000221,-1.63565,52.16155,979087610.4,217880.164
Warwick,E07000222,Warwickshire,E07000222,-1.58369,52.30142,282964537.8,91456.33999
Dudley,E08000027,West Midlands CA,E08000027,-2.10171,52.49513,97276251.49,60134.25769
Sandwell,E08000028,West Midlands CA,E08000028,-2.00771,52.51477,85221029,48305.217
Walsall,E08000030,West Midlands CA,E08000030,-1.97043,52.60505,104037271.1,49852.79803
Wolverhampton,E08000031,West Midlands CA,E08000031,-2.12746,52.59788,69459489.74,41131.00284
Coventry,E08000026,West Midlands CA,E08000026,-1.51905,52.41423,99816507.85,43490.60292
Birmingham,E08000025,West Midlands CA,E08000025,-1.88141,52.48404,269028723.1,88768.16393
Solihull,E08000029,West Midlands CA,E08000029,-1.71558,52.431,177578804.2,82676.06166
North Somerset,E06000024,West of England CA,E06000024,-2.75438,51.39706,373598414.2,114548.7656
Bath and North East Somerset,E06000022,West of England CA,E06000022,-2.48657,51.35604,348634021.7,107031.9997
"Bristol, City of",E06000023,West of England CA,E06000023,-2.57742,51.47113,111171802.2,75333.85374
South Gloucestershire,E06000025,West of England CA,E06000025,-2.46926,51.54672,500441021.3,114738.6668
Brighton and Hove,E06000043,Coast to Capital,E06000043,-0.15081,50.8465,85528177.77,48479.16221
Epsom and Ewell,E07000208,Coast to Capital,E07000208,-0.26172,51.33946,34983657.47,26101.30913
Mole Valley,E07000210,Coast to Capital,E07000210,-0.30603,51.22749,256017647.5,84135.69781
Reigate and Banstead,E07000211,Coast to Capital,E07000211,-0.19871,51.25846,129034364.1,61552.22606
Tandridge,E07000215,Coast to Capital,E07000215,-0.04809,51.23584,247472378.2,69717.85993
Adur,E07000223,Coast to Capital,E07000223,-0.32417,50.84572,40950562.64,30972.5308
Arun,E07000224,Coast to Capital,E07000224,-0.64999,50.84321,224117094.1,96778.06601
Chichester,E07000225,Coast to Capital,E07000225,-0.7163,50.94177,788066215.6,182910.7865
Crawley,E07000226,Coast to Capital,E07000226,-0.19533,51.12357,45829202.66,33575.83836
Horsham,E07000227,Coast to Capital,E07000227,-0.38126,51.00272,530148077.6,128320.1449
Mid Sussex,E07000228,Coast to Capital,E07000228,-0.10275,51.05954,336665216.9,109151.3103
Worthing,E07000229,Coast to Capital,E07000229,-0.40127,50.8331,30612116.72,25718.89735
Bradford,E08000032,West Yorkshire CA,E08000032,-1.87389,53.84382,369651688.9,113378.3468
Calderdale,E08000033,West Yorkshire CA,E08000033,-1.9618,53.72047,367612433.3,94048.30055
Kirklees,E08000034,West Yorkshire CA,E08000034,-1.78085,53.64233,405306353.4,106837.8085
Leeds,E08000035,West Yorkshire CA,E08000035,-1.50736,53.82273,550640034.9,133852.5566
Wakefield,E08000036,West Yorkshire CA,E08000036,-1.42091,53.65918,337240885.7,90463.30284
Bromsgrove,E07000234,Worcestershire,E07000234,-2.00376,52.36169,218035643.7,90574.85117
Redditch,E07000236,Worcestershire,E07000236,-1.9471,52.28541,55030614.73,32518.38185
Malvern Hills,E07000235,Worcestershire,E07000235,-2.33092,52.16759,579797339.3,187728.807
Worcester,E07000237,Worcestershire,E07000237,-2.20997,52.19477,34677026.66,23962.7731
Wychavon,E07000238,Worcestershire,E07000238,-2.01614,52.12886,659545474.4,183954.9236
Wyre Forest,E07000239,Worcestershire,E07000239,-2.23494,52.3853,196173167.1,82052.06236
York,E06000014,York and North Yorkshire CA,E06000014,-1.07376,53.96583,274859577.4,84097.29941
North Yorkshire,E06000065,York and North Yorkshire CA,E06000065,-1.55033,54.0937,8051507690,661489.4415
Clackmannanshire,S12000005,Scotland,S12000005,-3.75316,56.14784,161789059.9,74434.81023
East Lothian,S12000010,Scotland,S12000010,-2.72435,55.94207,678377929.8,149383.8318
Falkirk,S12000014,Scotland,S12000014,-3.83619,56.00077,296654746.3,117864.757
Midlothian,S12000019,Scotland,S12000019,-3.11738,55.82111,354813256.3,110234.8684
Stirling,S12000030,Scotland,S12000030,-4.32595,56.24953,2259083512,286927.6886
City of Edinburgh,S12000036,Scotland,S12000036,-3.27826,55.9112,263287530.6,88862.69544
West Lothian,S12000040,Scotland,S12000040,-3.60909,55.8992,427102877,113066.3356
Angus,S12000041,Scotland,S12000041,-2.8921,56.72518,2194035227,244265.3347
Dundee City,S12000042,Scotland,S12000042,-2.97095,56.4776,57825427.1,39639.01445
Fife,S12000047,Scotland,S12000047,-2.98251,56.23112,1322413845,248945.4711
Perth and Kinross,S12000048,Scotland,S12000048,-3.88484,56.57528,5385251161,483321.3809
Na h-Eileanan Siar,S12000013,Scotland,S12000013,-6.65722,58.19938,3001413531,1666321.221
Highland,S12000017,Scotland,S12000017,-4.66103,57.58657,26116272766,3179845.833
Moray,S12000020,Scotland,S12000020,-3.20202,57.4768,2243259859,356235.2129
North Ayrshire,S12000021,Scotland,S12000021,-4.7246,55.72789,879907530.6,255150.2806
Orkney Islands,S12000023,Scotland,S12000023,-2.90025,58.94334,996250577.8,771692.5958
Shetland Islands,S12000027,Scotland,S12000027,-1.37344,60.50495,1435011008,1195086.447
Argyll and Bute,S12000035,Scotland,S12000035,-5.22114,56.28944,6950475583,2204274.048
Aberdeen City,S12000033,Scotland,S12000033,-2.20398,57.16697,186394562.2,88336.04569
Aberdeenshire,S12000034,Scotland,S12000034,-2.79208,57.23469,6319963091,561955.8937
Dumfries and Galloway,S12000006,Scotland,S12000006,-4.02863,55.09621,6441040749,689768.8052
East Ayrshire,S12000008,Scotland,S12000008,-4.29057,55.49674,1273186891,276607.2974
Scottish Borders,S12000026,Scotland,S12000026,-2.85869,55.52595,4743970235,430326.1069
South Ayrshire,S12000028,Scotland,S12000028,-4.72899,55.23008,1224187116,252238.8326
South Lanarkshire,S12000029,Scotland,S12000029,-3.83272,55.60453,1771550693,247588.588
East Renfrewshire,S12000011,Scotland,S12000011,-4.36058,55.74868,175673851.7,75235.29332
Inverclyde,S12000018,Scotland,S12000018,-4.75387,55.9003,162791288,60961.24747
Renfrewshire,S12000038,Scotland,S12000038,-4.56834,55.84862,269214145.7,89241.16875
West Dunbartonshire,S12000039,Scotland,S12000039,-4.52074,56.0014,179410610.2,72678.01379
East Dunbartonshire,S12000045,Scotland,S12000045,-4.22417,55.95829,174167614.4,83226.196
Glasgow City,S12000049,Scotland,S12000049,-4.21479,55.87649,178529587.3,87927.91029
North Lanarkshire,S12000050,Scotland,S12000050,-3.9514,55.86814,469803303.9,138701.238
Flintshire,W06000005,Wales,W06000005,-3.18248,53.21471,435981524.3,137017.1032
Wrexham,W06000006,Wales,W06000006,-2.99203,53.00167,506884972.8,155285.2488
Vale of Glamorgan,W06000014,Wales,W06000014,-3.39801,51.44836,330462445.2,90397.21087
Cardiff,W06000015,Wales,W06000015,-3.22209,51.50254,142291275.6,60169.49715
Monmouthshire,W06000021,Wales,W06000021,-2.9028,51.77827,855039406.5,183155.5634
Newport,W06000022,Wales,W06000022,-2.89769,51.58231,191835512.3,87840.543
Powys,W06000023,Wales,W06000023,-3.43531,52.34863,5199673584,504284.661
Isle of Anglesey,W06000001,Wales,W06000001,-4.32298,53.27931,708333147.5,208462.183
Gwynedd,W06000002,Wales,W06000002,-3.77715,52.89883,2549541878,429749.3368
Conwy,W06000003,Wales,W06000003,-3.74646,53.14739,1136885741,196009.1911
Denbighshire,W06000004,Wales,W06000004,-3.34761,53.08833,834278706.9,188183.2763
Ceredigion,W06000008,Wales,W06000008,-3.94993,52.29795,1782598581,260652.932
Pembrokeshire,W06000009,Wales,W06000009,-4.90818,51.85513,1626511904,372670.614
Carmarthenshire,W06000010,Wales,W06000010,-4.21109,51.89495,2368429262,317261.7937
Swansea,W06000011,Wales,W06000011,-3.96723,51.65806,376516236,154395.874
Neath Port Talbot,W06000012,Wales,W06000012,-3.74638,51.6445,448022989.1,121359.1991
Bridgend,W06000013,Wales,W06000013,-3.61375,51.5606,249582321.2,76696.21949
Rhondda Cynon Taf,W06000016,Wales,W06000016,-3.41359,51.62185,422367629.3,112311.5005
Caerphilly,W06000018,Wales,W06000018,-3.19753,51.65001,277812177.5,98223.97905
Blaenau Gwent,W06000019,Wales,W06000019,-3.18592,51.75364,109273377.8,58166.93549
Torfaen,W06000020,Wales,W06000020,-3.05101,51.69836,125718310.5,68470.47902
Merthyr Tydfil,W06000024,Wales,W06000024,-3.36425,51.7484,113429686.3,59176.4674
Antrim and Newtownabbey,N09000001,Northern Ireland,N09000001,-6.1776,54.69386,725799509.4,145230.9111
"Armagh City, Banbridge and Craigavon",N09000002,Northern Ireland,N09000002,-6.43455,54.3867,1436133597,200894.1887
Belfast,N09000003,Northern Ireland,N09000003,-5.92535,54.59853,137793211.4,55368.34065
Causeway Coast and Glens,N09000004,Northern Ireland,N09000004,-6.5996,55.03962,1985246186,285673.8871
Derry City and Strabane,N09000005,Northern Ireland,N09000005,-7.42064,54.80904,1246637302,232726.7949
Fermanagh and Omagh,N09000006,Northern Ireland,N09000006,-7.5271,54.38521,3008098449,353030.336
Lisburn and Castlereagh,N09000007,Northern Ireland,N09000007,-6.03545,54.49752,511678825.7,133180.9712
Mid and East Antrim,N09000008,Northern Ireland,N09000008,-6.14645,54.86462,1064497679,198440.2405
Mid Ulster,N09000009,Northern Ireland,N09000009,-6.8889,54.55273,1960344283,267948.6097
"Newry, Mourne and Down",N09000010,Northern Ireland,N09000010,-6.08891,54.14953,1686589091,292915.11
Ards and North Down,N09000011,Northern Ireland,N09000011,-5.64568,54.56409,568018205.8,133193.8419